REF,H1_numbering,H3_numbering,PROTEIN
-,-10,1,HA1
-,-9,2,HA1
-,-8,3,HA1
-,-7,4,HA1
-,-6,5,HA1
-,-5,6,HA1
-,-4,7,HA1
-,-3,8,HA1
-,-2,9,HA1
-,-1,10,HA1
D,1,11,HA1
T,2,12,HA1
L,3,13,HA1
C,4,14,HA1
I,5,15,HA1
G,6,16,HA1
Y,7,17,HA1
H,8,18,HA1
A,9,19,HA1
N,10,20,HA1
N,11,21,HA1
S,12,22,HA1
T,13,23,HA1
D,14,24,HA1
T,15,25,HA1
V,16,26,HA1
D,17,27,HA1
T,18,28,HA1
V,19,29,HA1
L,20,30,HA1
E,21,31,HA1
K,22,32,HA1
N,23,33,HA1
V,24,34,HA1
T,25,35,HA1
V,26,36,HA1
T,27,37,HA1
H,28,38,HA1
S,29,39,HA1
V,30,40,HA1
N,31,41,HA1
L,32,42,HA1
L,33,43,HA1
E,34,44,HA1
N,35,45,HA1
K,36,46,HA1
H,37,47,HA1
N,38,48,HA1
G,39,49,HA1
K,40,50,HA1
L,41,51,HA1
C,42,52,HA1
K,43,53,HA1
L,44,53a,HA1
R,45,53b,HA1
G,46,53c,HA1
V,47,53d,HA1
A,48,54,HA1
P,49,55,HA1
L,50,56,HA1
H,51,57,HA1
L,52,58,HA1
-,52a,59,HA1
-,52b,60,HA1
-,52c,61,HA1
G,53,62,HA1
Q,54,63,HA1
C,55,64,HA1
N,56,65,HA1
I,57,66,HA1
A,58,67,HA1
G,59,68,HA1
W,60,69,HA1
I,61,70,HA1
L,62,71,HA1
G,63,72,HA1
N,64,73,HA1
P,65,74,HA1
E,66,75,HA1
C,67,76,HA1
E,68,77,HA1
S,69,78,HA1
L,70,79,HA1
S,71,80,HA1
T,72,81,HA1
A,73,81a,HA1
R,74,82,HA1
S,75,83,HA1
W,76,84,HA1
S,77,85,HA1
Y,78,86,HA1
I,79,87,HA1
V,80,88,HA1
E,81,89,HA1
T,82,90,HA1
S,83,91,HA1
N,84,92,HA1
S,85,93,HA1
D,86,93a,HA1
N,87,94,HA1
G,88,95,HA1
T,89,96,HA1
C,90,97,HA1
Y,91,98,HA1
P,92,99,HA1
G,93,100,HA1
D,94,101,HA1
F,95,102,HA1
I,96,103,HA1
N,97,104,HA1
Y,98,105,HA1
E,99,106,HA1
E,100,107,HA1
L,101,108,HA1
R,102,109,HA1
E,103,110,HA1
Q,104,111,HA1
L,105,112,HA1
S,106,113,HA1
S,107,114,HA1
V,108,115,HA1
S,109,116,HA1
S,110,117,HA1
F,111,118,HA1
E,112,119,HA1
R,113,119a,HA1
F,114,120,HA1
E,115,121,HA1
I,116,121a,HA1
F,117,121b,HA1
P,118,122,HA1
K,119,123,HA1
T,120,124,HA1
S,121,125,HA1
S,122,126,HA1
W,123,127,HA1
P,124,128,HA1
N,125,129,HA1
H,126,130,HA1
D,127,131,HA1
S,128,131a,HA1
D,129,132,HA1
N,130,133,HA1
G,131,134,HA1
V,132,135,HA1
T,133,136,HA1
A,134,137,HA1
A,135,138,HA1
C,136,139,HA1
S,137,140,HA1
H,138,141,HA1
A,139,142,HA1
G,140,143,HA1
A,141,144,HA1
R,142,145,HA1
S,143,146,HA1
F,144,147,HA1
Y,145,148,HA1
K,146,149,HA1
N,147,150,HA1
L,148,151,HA1
I,149,152,HA1
W,150,153,HA1
L,151,154,HA1
V,152,155,HA1
K,153,156,HA1
K,154,157,HA1
G,155,158,HA1
K,156,159,HA1
S,157,160,HA1
Y,158,161,HA1
P,159,162,HA1
K,160,163,HA1
I,161,164,HA1
N,162,165,HA1
Q,163,166,HA1
T,164,167,HA1
Y,165,168,HA1
I,166,169,HA1
N,167,170,HA1
D,168,171,HA1
K,169,172,HA1
G,170,173,HA1
K,171,174,HA1
E,172,175,HA1
V,173,176,HA1
L,174,177,HA1
V,175,178,HA1
L,176,179,HA1
W,177,180,HA1
G,178,181,HA1
I,179,182,HA1
H,180,183,HA1
H,181,184,HA1
P,182,185,HA1
P,183,186,HA1
T,184,187,HA1
I,185,188,HA1
T,186,189,HA1
D,187,190,HA1
Q,188,191,HA1
E,189,192,HA1
S,190,193,HA1
L,191,194,HA1
Y,192,195,HA1
Q,193,196,HA1
N,194,197,HA1
A,195,198,HA1
D,196,199,HA1
A,197,200,HA1
Y,198,201,HA1
V,199,202,HA1
F,200,203,HA1
V,201,204,HA1
G,202,205,HA1
T,203,206,HA1
S,204,207,HA1
R,205,208,HA1
Y,206,209,HA1
S,207,210,HA1
K,208,211,HA1
K,209,212,HA1
F,210,213,HA1
K,211,214,HA1
P,212,215,HA1
E,213,216,HA1
I,214,217,HA1
A,215,218,HA1
A,216,219,HA1
R,217,220,HA1
P,218,221,HA1
K,219,222,HA1
V,220,223,HA1
R,221,224,HA1
D,222,225,HA1
Q,223,226,HA1
A,224,227,HA1
G,225,228,HA1
R,226,229,HA1
M,227,230,HA1
N,228,231,HA1
Y,229,232,HA1
Y,230,233,HA1
W,231,234,HA1
T,232,235,HA1
L,233,236,HA1
V,234,237,HA1
E,235,238,HA1
P,236,239,HA1
G,237,240,HA1
D,238,241,HA1
K,239,242,HA1
I,240,243,HA1
T,241,244,HA1
F,242,245,HA1
E,243,246,HA1
A,244,247,HA1
T,245,248,HA1
G,246,249,HA1
N,247,250,HA1
L,248,251,HA1
V,249,252,HA1
A,250,253,HA1
P,251,254,HA1
R,252,255,HA1
Y,253,256,HA1
A,254,257,HA1
F,255,258,HA1
T,256,259,HA1
M,257,260,HA1
E,258,260a,HA1
K,259,261,HA1
E,260,262,HA1
A,261,263,HA1
G,262,264,HA1
S,263,265,HA1
G,264,266,HA1
I,265,267,HA1
I,266,268,HA1
I,267,269,HA1
S,268,270,HA1
D,269,271,HA1
T,270,272,HA1
P,271,273,HA1
V,272,274,HA1
H,273,275,HA1
D,274,276,HA1
C,275,277,HA1
N,276,278,HA1
A,277,279,HA1
T,278,280,HA1
C,279,281,HA1
Q,280,282,HA1
T,281,283,HA1
P,282,284,HA1
E,283,285,HA1
G,284,286,HA1
A,285,287,HA1
I,286,288,HA1
N,287,289,HA1
T,288,290,HA1
S,289,291,HA1
L,290,292,HA1
P,291,293,HA1
F,292,294,HA1
Q,293,295,HA1
N,294,296,HA1
V,295,297,HA1
H,296,298,HA1
P,297,299,HA1
I,298,300,HA1
T,299,301,HA1
I,300,302,HA1
G,301,303,HA1
K,302,304,HA1
C,303,305,HA1
P,304,306,HA1
K,305,307,HA1
Y,306,308,HA1
V,307,309,HA1
R,308,310,HA1
S,309,311,HA1
T,310,312,HA1
K,311,313,HA1
L,312,314,HA1
R,313,315,HA1
L,314,316,HA1
A,315,317,HA1
T,316,318,HA1
G,317,319,HA1
L,318,320,HA1
R,319,321,HA1
N,320,322,HA1
V,321,323,HA1
P,322,324,HA1
S,323,325,HA1
I,324,326,HA1
Q,325,327,HA1
S,326,328,HA1
R,327,329,HA1
G,1,1,HA2
L,2,2,HA2
F,3,3,HA2
G,4,4,HA2
A,5,5,HA2
I,6,6,HA2
A,7,7,HA2
G,8,8,HA2
F,9,9,HA2
I,10,10,HA2
E,11,11,HA2
G,12,12,HA2
G,13,13,HA2
W,14,14,HA2
T,15,15,HA2
G,16,16,HA2
M,17,17,HA2
V,18,18,HA2
D,19,19,HA2
G,20,20,HA2
W,21,21,HA2
Y,22,22,HA2
G,23,23,HA2
Y,24,24,HA2
H,25,25,HA2
H,26,26,HA2
Q,27,27,HA2
N,28,28,HA2
D,29,29,HA2
Q,30,30,HA2
G,31,31,HA2
S,32,32,HA2
G,33,33,HA2
Y,34,34,HA2
A,35,35,HA2
A,36,36,HA2
D,37,37,HA2
L,38,38,HA2
K,39,39,HA2
S,40,40,HA2
T,41,41,HA2
Q,42,42,HA2
N,43,43,HA2
A,44,44,HA2
I,45,45,HA2
D,46,46,HA2
K,47,47,HA2
I,48,48,HA2
T,49,49,HA2
N,50,50,HA2
K,51,51,HA2
V,52,52,HA2
N,53,53,HA2
S,54,54,HA2
V,55,55,HA2
I,56,56,HA2
E,57,57,HA2
K,58,58,HA2
M,59,59,HA2
N,60,60,HA2
T,61,61,HA2
Q,62,62,HA2
F,63,63,HA2
T,64,64,HA2
A,65,65,HA2
V,66,66,HA2
G,67,67,HA2
K,68,68,HA2
E,69,69,HA2
F,70,70,HA2
N,71,71,HA2
H,72,72,HA2
L,73,73,HA2
E,74,74,HA2
K,75,75,HA2
R,76,76,HA2
I,77,77,HA2
E,78,78,HA2
N,79,79,HA2
L,80,80,HA2
N,81,81,HA2
K,82,82,HA2
K,83,83,HA2
V,84,84,HA2
D,85,85,HA2
D,86,86,HA2
G,87,87,HA2
F,88,88,HA2
L,89,89,HA2
D,90,90,HA2
V,91,91,HA2
W,92,92,HA2
T,93,93,HA2
Y,94,94,HA2
N,95,95,HA2
A,96,96,HA2
E,97,97,HA2
L,98,98,HA2
L,99,99,HA2
V,100,100,HA2
L,101,101,HA2
L,102,102,HA2
E,103,103,HA2
N,104,104,HA2
E,105,105,HA2
R,106,106,HA2
T,107,107,HA2
L,108,108,HA2
D,109,109,HA2
Y,110,110,HA2
H,111,111,HA2
D,112,112,HA2
S,113,113,HA2
N,114,114,HA2
V,115,115,HA2
K,116,116,HA2
N,117,117,HA2
L,118,118,HA2
Y,119,119,HA2
E,120,120,HA2
K,121,121,HA2
V,122,122,HA2
R,123,123,HA2
H,124,124,HA2
Q,125,125,HA2
L,126,126,HA2
K,127,127,HA2
N,128,128,HA2
N,129,129,HA2
A,130,130,HA2
K,131,131,HA2
E,132,132,HA2
I,133,133,HA2
G,134,134,HA2
N,135,135,HA2
G,136,136,HA2
C,137,137,HA2
F,138,138,HA2
E,139,139,HA2
F,140,140,HA2
Y,141,141,HA2
H,142,142,HA2
K,143,143,HA2
C,144,144,HA2
D,145,145,HA2
N,146,146,HA2
T,147,147,HA2
C,148,148,HA2
M,149,149,HA2
E,150,150,HA2
S,151,151,HA2
V,152,152,HA2
K,153,153,HA2
N,154,154,HA2
G,155,155,HA2
T,156,156,HA2
Y,157,157,HA2
D,158,158,HA2
Y,159,159,HA2
P,160,160,HA2
K,161,161,HA2
Y,162,162,HA2
S,163,163,HA2
E,164,164,HA2
E,165,165,HA2
A,166,166,HA2
K,167,167,HA2
L,168,168,HA2
N,169,169,HA2
R,170,170,HA2
E,171,171,HA2
K,172,172,HA2
I,173,173,HA2
D,174,174,HA2
G,175,175,HA2
V,176,176,HA2
K,177,177,HA2
L,178,178,HA2
D,179,179,HA2
S,180,180,HA2
T,181,181,HA2
R,182,181a,HA2
I,183,181b,HA2
Y,184,182,HA2
Q,185,183,HA2
I,186,184,HA2
L,187,185,HA2
A,188,186,HA2
I,189,187,HA2
Y,190,188,HA2
S,191,189,HA2
T,192,190,HA2
V,193,191,HA2
A,194,192,HA2
-,194a,193,HA2
S,195,194,HA2
S,196,195,HA2
L,197,196,HA2
V,198,197,HA2
L,199,198,HA2
V,200,199,HA2
V,201,200,HA2
S,202,201,HA2
L,203,202,HA2
G,204,203,HA2
A,205,204,HA2
I,206,205,HA2
S,207,206,HA2
F,208,207,HA2
W,209,208,HA2
M,210,209,HA2
C,211,210,HA2
S,212,211,HA2
N,213,212,HA2
G,214,213,HA2
S,215,214,HA2
L,216,215,HA2
Q,217,216,HA2
C,218,217,HA2
R,219,218,HA2
I,220,219,HA2
C,221,220,HA2
I,222,221,HA2

