REF,N1_pos,N2_pos,PROTEIN
M,1,1,NA
N,2,2,NA
P,3,3,NA
N,4,4,NA
Q,5,5,NA
K,6,6,NA
I,7,7,NA
I,8,8,NA
T,9,9,NA
I,10,10,NA
G,11,11,NA
S,12,12,NA
I,13,13,NA
C,14,14,NA
M,15,15,NA
T,16,16,NA
I,17,17,NA
G,18,18,NA
T,19,19,NA
A,20,20,NA
N,21,21,NA
L,22,22,NA
I,23,23,NA
L,24,24,NA
Q,25,25,NA
I,26,26,NA
G,27,27,NA
N,28,28,NA
I,29,29,NA
I,30,30,NA
S,31,31,NA
I,32,32,NA
-,32a,33,NA
-,32b,34,NA
-,32c,35,NA
-,32d,36,NA
W,33,37,NA
V,34,38,NA
S,35,39,NA
H,36,40,NA
S,37,41,NA
I,38,42,NA
Q,39,43,NA
I,40,44,NA
G,41,45,NA
N,42,46,NA
Q,43,47,NA
S,44,48,NA
Q,45,49,NA
I,46,50,NA
E,47,51,NA
T,48,52,NA
C,49,53,NA
N,50,54,NA
K,51,55,NA
S,52,56,NA
V,53,57,NA
I,54,58,NA
T,55,58a,NA
Y,56,58b,NA
E,57,59,NA
N,58,60,NA
N,59,61,NA
T,60,62,NA
W,61,62a,NA
V,62,62b,NA
N,63,62c,NA
Q,64,63,NA
T,65,64,NA
F,66,65,NA
V,67,66,NA
N,68,67,NA
I,69,68,NA
S,70,69,NA
N,71,70,NA
T,72,71,NA
N,73,72,NA
S,74,73,NA
A,75,74,NA
A,76,75,NA
R,77,76,NA
Q,78,77,NA
S,79,78,NA
V,80,79,NA
A,81,80,NA
S,82,81,NA
V,83,82,NA
K,84,83,NA
L,85,84,NA
A,86,85,NA
G,87,86,NA
-,87a,87,NA
N,88,88,NA
S,89,89,NA
S,90,90,NA
L,91,91,NA
C,92,92,NA
P,93,93,NA
V,94,94,NA
S,95,95,NA
G,96,96,NA
W,97,97,NA
A,98,98,NA
V,99,99,NA
Y,100,100,NA
S,101,101,NA
K,102,102,NA
D,103,103,NA
N,104,104,NA
S,105,105,NA
V,106,106,NA
R,107,107,NA
I,108,108,NA
G,109,109,NA
S,110,110,NA
K,111,111,NA
G,112,112,NA
D,113,113,NA
V,114,114,NA
F,115,115,NA
V,116,116,NA
I,117,117,NA
R,118,118,NA
E,119,119,NA
P,120,120,NA
F,121,121,NA
I,122,122,NA
S,123,123,NA
C,124,124,NA
S,125,125,NA
P,126,126,NA
L,127,127,NA
E,128,128,NA
C,129,129,NA
R,130,130,NA
T,131,131,NA
F,132,132,NA
F,133,133,NA
L,134,134,NA
T,135,135,NA
Q,136,136,NA
G,137,137,NA
A,138,138,NA
L,139,139,NA
L,140,140,NA
N,141,141,NA
D,142,142,NA
K,143,143,NA
H,144,144,NA
S,145,145,NA
N,146,146,NA
G,147,147,NA
T,148,148,NA
I,149,149,NA
K,150,150,NA
D,151,151,NA
R,152,152,NA
S,153,153,NA
P,154,154,NA
Y,155,155,NA
R,156,156,NA
T,157,157,NA
L,158,158,NA
M,159,159,NA
S,160,160,NA
C,161,161,NA
P,162,162,NA
I,163,163,NA
G,164,164,NA
E,165,164a,NA
V,166,165,NA
P,167,166,NA
S,168,167,NA
P,169,168,NA
Y,170,169,NA
N,171,170,NA
S,172,171,NA
R,173,172,NA
F,174,173,NA
E,175,174,NA
S,176,175,NA
V,177,176,NA
A,178,177,NA
W,179,178,NA
S,180,179,NA
A,181,180,NA
S,182,181,NA
A,183,182,NA
C,184,183,NA
H,185,184,NA
D,186,185,NA
G,187,186,NA
T,188,187,NA
N,189,188,NA
W,190,189,NA
L,191,190,NA
T,192,191,NA
I,193,192,NA
G,194,193,NA
I,195,194,NA
S,196,195,NA
G,197,196,NA
P,198,197,NA
D,199,198,NA
N,200,199,NA
G,201,200,NA
A,202,201,NA
V,203,202,NA
A,204,203,NA
V,205,204,NA
L,206,205,NA
K,207,206,NA
Y,208,207,NA
N,209,208,NA
G,210,209,NA
I,211,210,NA
I,212,211,NA
T,213,212,NA
D,214,213,NA
T,215,214,NA
I,216,215,NA
K,217,216,NA
S,218,217,NA
W,219,218,NA
R,220,219,NA
N,221,220,NA
K,222,221,NA
I,223,222,NA
L,224,223,NA
R,225,224,NA
T,226,225,NA
Q,227,226,NA
E,228,227,NA
S,229,228,NA
E,230,229,NA
C,231,230,NA
A,232,231,NA
C,233,232,NA
V,234,233,NA
N,235,234,NA
G,236,235,NA
S,237,236,NA
C,238,237,NA
F,239,238,NA
T,240,239,NA
I,241,240,NA
M,242,241,NA
T,243,242,NA
D,244,243,NA
G,245,244,NA
P,246,245,NA
S,247,246,NA
D,248,247,NA
G,249,248,NA
Q,250,249,NA
A,251,250,NA
S,252,251,NA
Y,253,252,NA
K,254,253,NA
I,255,254,NA
F,256,255,NA
R,257,256,NA
I,258,257,NA
E,259,258,NA
K,260,259,NA
G,261,260,NA
K,262,261,NA
I,263,262,NA
I,264,263,NA
K,265,264,NA
S,266,265,NA
V,267,266,NA
E,268,267,NA
M,269,268,NA
K,270,269,NA
A,271,270,NA
P,272,271,NA
N,273,272,NA
Y,274,273,NA
H,275,274,NA
Y,276,275,NA
E,277,276,NA
E,278,277,NA
C,279,278,NA
S,280,279,NA
C,281,280,NA
Y,282,281,NA
P,283,282,NA
D,284,283,NA
S,285,284,NA
S,286,285,NA
E,287,286,NA
I,288,287,NA
T,289,288,NA
C,290,289,NA
V,291,290,NA
C,292,291,NA
R,293,292,NA
D,294,293,NA
N,295,294,NA
W,296,295,NA
H,297,296,NA
G,298,297,NA
S,299,298,NA
N,300,299,NA
R,301,300,NA
P,302,301,NA
W,303,302,NA
V,304,303,NA
S,305,304,NA
F,306,305,NA
N,307,306,NA
-,307a,307,NA
Q,308,308,NA
N,309,309,NA
L,310,310,NA
E,311,311,NA
Y,312,312,NA
Q,313,313,NA
M,314,314,NA
G,315,315,NA
Y,316,316,NA
I,317,317,NA
C,318,318,NA
S,319,319,NA
G,320,320,NA
V,321,321,NA
F,322,322,NA
G,323,323,NA
D,324,324,NA
N,325,325,NA
P,326,326,NA
R,327,327,NA
P,328,328,NA
N,329,329,NA
D,330,330,NA
K,331,331,NA
T,332,332,NA
G,333,333,NA
S,334,334,NA
C,335,335,NA
-,335a,336,NA
-,335b,337,NA
-,335c,338,NA
G,336,339,NA
P,337,340,NA
V,338,341,NA
S,339,342,NA
S,340,343,NA
N,341,344,NA
G,342,345,NA
A,343,346,NA
N,344,347,NA
G,345,348,NA
V,346,349,NA
K,347,350,NA
G,348,351,NA
F,349,352,NA
S,350,353,NA
F,351,354,NA
K,352,355,NA
Y,353,356,NA
G,354,357,NA
N,355,358,NA
G,356,359,NA
V,357,360,NA
W,358,361,NA
I,359,362,NA
G,360,363,NA
R,361,364,NA
T,362,365,NA
K,363,366,NA
S,364,367,NA
I,365,368,NA
S,366,369,NA
S,367,370,NA
R,368,371,NA
K,369,372,NA
G,370,373,NA
F,371,374,NA
E,372,375,NA
M,373,376,NA
I,374,377,NA
W,375,378,NA
D,376,379,NA
P,377,380,NA
N,378,381,NA
G,379,382,NA
W,380,383,NA
T,381,384,NA
G,382,385,NA
T,383,386,NA
D,384,387,NA
N,385,388,NA
K,386,389,NA
F,387,390,NA
S,388,391,NA
-,388a,392,NA
K,389,393,NA
K,390,394,NA
Q,391,395,NA
D,392,396,NA
I,393,397,NA
V,394,398,NA
G,395,399,NA
I,396,400,NA
N,397,401,NA
E,398,402,NA
W,399,403,NA
S,400,404,NA
G,401,405,NA
Y,402,406,NA
S,403,407,NA
G,404,408,NA
S,405,409,NA
F,406,410,NA
V,407,410a,NA
Q,408,410b,NA
H,409,410c,NA
P,410,410d,NA
E,411,411,NA
L,412,412,NA
T,413,413,NA
G,414,414,NA
L,415,415,NA
N,416,416,NA
C,417,417,NA
I,418,418,NA
R,419,419,NA
P,420,420,NA
C,421,421,NA
F,422,422,NA
W,423,423,NA
V,424,424,NA
E,425,425,NA
L,426,426,NA
I,427,427,NA
R,428,428,NA
G,429,429,NA
R,430,430,NA
P,431,431,NA
E,432,432,NA
E,433,433,NA
N,434,434,NA
T,435,435,NA
I,436,436,NA
-,436a,437,NA
W,437,438,NA
T,438,439,NA
S,439,440,NA
G,440,441,NA
S,441,442,NA
S,442,443,NA
I,443,444,NA
S,444,445,NA
F,445,446,NA
C,446,447,NA
G,447,448,NA
V,448,449,NA
D,449,450,NA
S,450,451,NA
D,451,452,NA
I,452,453,NA
M,453,454,NA
G,454,455,NA
W,455,456,NA
S,456,457,NA
W,457,458,NA
P,458,459,NA
D,459,460,NA
G,460,461,NA
A,461,462,NA
E,462,463,NA
L,463,464,NA
P,464,465,NA
F,465,466,NA
T,466,466a,NA
I,467,467,NA
D,468,468,NA
N,469,469,NA
*,470,470,NA
