Comunidad	Provincia	Población	Latitud	Longitud	Altitud
Catalunya	Barcelona	Abrera	41.51609	1.902142	109.4215
Catalunya	Barcelona	Aguilar de Segarra	41.73976	1.629385	485.7191
Catalunya	Barcelona	Aiguafreda	41.76884	2.250261	410.6152
Catalunya	Barcelona	Alella	41.49395	2.295461	98.87153
Catalunya	Barcelona	Alpens	42.1201	2.101363	871.324
Catalunya	Barcelona	Ametlla del Vallès (L')	41.66976	2.261185	292.0488
Catalunya	Barcelona	Arenys de Mar	41.57944	2.55148	13.99495
Catalunya	Barcelona	Arenys de Munt	41.61026	2.541376	135.549
Catalunya	Barcelona	Argençola	41.59967	1.44341	713.9279
Catalunya	Barcelona	Argentona	41.55555	2.400564	92.69514
Catalunya	Barcelona	Artés	41.79839	1.954726	318.0594
Catalunya	Barcelona	Avià	42.07741	1.825308	666.2902
Catalunya	Barcelona	Avinyó	41.86209	1.971941	358.056
Catalunya	Barcelona	Avinyonet del Penedès	41.3606	1.776485	283.9233
Catalunya	Barcelona	Badalona	41.45014	2.24742	16.7426
Catalunya	Barcelona	Badia del Vallès	41.50871	2.114864	122.4438
Catalunya	Barcelona	Bagà	42.25188	1.863364	756.5488
Catalunya	Barcelona	Balenyà	41.84387	2.251218	593.3597
Catalunya	Barcelona	Balsareny	41.86267	1.873386	332.1174
Catalunya	Barcelona	Barberà del Vallès	41.51596	2.124723	142.2961
Catalunya	Barcelona	Barcelona	41.38792	2.169919	19.99069
Catalunya	Barcelona	Begues	41.33101	1.921987	371.5191
Catalunya	Barcelona	Bellprat	41.51725	1.433458	644.4128
Catalunya	Barcelona	Berga	42.10144	1.8438	717.4442
Catalunya	Barcelona	Bigues i Riells	41.67733	2.223527	305.9971
Catalunya	Barcelona	Borredà	42.13541	1.993754	854.1898
Catalunya	Barcelona	Bruc (El)	41.57993	1.78023	486.0568
Catalunya	Barcelona	Brull (El)	41.81677	2.305493	844.6136
Catalunya	Barcelona	Cabanyes (Les)	41.37174	1.68963	255.9891
Catalunya	Barcelona	Cabrera d'Anoia	41.47944	1.704722	298.3023
Catalunya	Barcelona	Cabrera de Mar	41.52623	2.393533	91.71696
Catalunya	Barcelona	Cabrils	41.52552	2.368645	143.7525
Catalunya	Barcelona	Calaf	41.73342	1.513498	682.8802
Catalunya	Barcelona	Calders	41.79227	1.996567	553.9763
Catalunya	Barcelona	Caldes d'Estrac	41.56946	2.526318	26.84373
Catalunya	Barcelona	Caldes de Montbui	41.62976	2.165922	207.0234
Catalunya	Barcelona	Calella	41.6134	2.657365	11.84439
Catalunya	Barcelona	Calldetenes	41.92522	2.283792	492.9868
Catalunya	Barcelona	Callús	41.78109	1.784008	259.3951
Catalunya	Barcelona	Calonge de Segarra	41.76363	1.482249	600.3174
Catalunya	Barcelona	Campins	41.72538	2.464172	326.2226
Catalunya	Barcelona	Canet de Mar	41.58897	2.581924	20.65502
Catalunya	Barcelona	Canovelles	41.61582	2.283456	152.383
Catalunya	Barcelona	Cànoves i Samalús	41.69384	2.353842	353.0184
Catalunya	Barcelona	Canyelles	41.28708	1.721569	141.6833
Catalunya	Barcelona	Capellades	41.53075	1.679613	371.6293
Catalunya	Barcelona	Capolat	42.07713	1.752565	1256.905
Catalunya	Barcelona	Cardedeu	41.63816	2.354492	195.9439
Catalunya	Barcelona	Cardona	41.91392	1.681348	513.4745
Catalunya	Barcelona	Carme	41.53126	1.623486	333.2925
Catalunya	Barcelona	Casserres	42.01234	1.845834	589.9404
Catalunya	Barcelona	Castell de l'Areny	42.17318	1.945753	968.3701
Catalunya	Barcelona	Castellar de n'Hug	42.28326	2.016574	1395.379
Catalunya	Barcelona	Castellar del Riu	42.12284	1.772439	1513.436
Catalunya	Barcelona	Castellar del Vallès	41.61618	2.085649	326.716
Catalunya	Barcelona	Castellbell i el Vilar	41.63389	1.863889	204.0168
Catalunya	Barcelona	Castellbisbal	41.47467	1.981407	155.6016
Catalunya	Barcelona	Castellcir	41.76043	2.148678	777.0593
Catalunya	Barcelona	Castelldefels	41.28039	1.976774	11.07469
Catalunya	Barcelona	Castellet i la Gornal	41.25391	1.592478	136.4205
Catalunya	Barcelona	Castellfollit de Riubregós	41.77595	1.437833	490.0403
Catalunya	Barcelona	Castellfollit del Boix	41.66579	1.684726	698.686
Catalunya	Barcelona	Castellgalí	41.67451	1.839598	253.3427
Catalunya	Barcelona	Castellnou de Bages	41.83533	1.837383	495.1176
Catalunya	Barcelona	Castellolí	41.59896	1.700774	398.4724
Catalunya	Barcelona	Castellterçol	41.74788	2.12309	726.6985
Catalunya	Barcelona	Castellví de la Marca	41.33242	1.594271	245.9974
Catalunya	Barcelona	Castellví de Rosanes	41.45037	1.899479	180.9096
Catalunya	Barcelona	Centelles	41.79659	2.221327	520.1739
Catalunya	Barcelona	Cercs	42.15168	1.856175	749.4134
Catalunya	Barcelona	Cerdanyola del Vallès	41.49137	2.140769	87.2362
Catalunya	Barcelona	Cervelló	41.39615	1.957621	124.1015
Catalunya	Barcelona	Collbató	41.56639	1.830136	356.3489
Catalunya	Barcelona	Collsuspina	41.82787	2.175478	903.0676
Catalunya	Barcelona	Copons	41.63666	1.517642	427.6519
Catalunya	Barcelona	Corbera de Llobregat	41.41764	1.932827	247.6125
Catalunya	Barcelona	Cornellà de Llobregat	41.35561	2.070432	34.61025
Catalunya	Barcelona	Cubelles	41.20835	1.672825	17.76687
Catalunya	Barcelona	Dosrius	41.59482	2.405386	145.7481
Catalunya	Barcelona	Esparreguera	41.53889	1.870692	186.3232
Catalunya	Barcelona	Esplugues de Llobregat	41.37751	2.088085	102.3782
Catalunya	Barcelona	Espunyola (L')	42.05222	1.77324	800.0547
Catalunya	Barcelona	Estany (L')	41.86858	2.113499	871.5331
Catalunya	Barcelona	Figaró-Montmany	41.72169	2.273113	326.0451
Catalunya	Barcelona	Fígols	42.1809	1.836082	1165.989
Catalunya	Barcelona	Fogars de la Selva	41.72539	2.673566	103.0012
Catalunya	Barcelona	Fogars de Montclús	41.72861	2.444444	387.6345
Catalunya	Barcelona	Folgueroles	41.93813	2.31796	549.4312
Catalunya	Barcelona	Fonollosa	41.76566	1.669017	543.1286
Catalunya	Barcelona	Font-rubí	41.43423	1.591408	570.7221
Catalunya	Barcelona	Franqueses del Vallès (Les)	41.61889	2.298056	193.2448
Catalunya	Barcelona	Gaià	41.91722	1.92489	476.878
Catalunya	Barcelona	Gallifa	41.69324	2.115268	499.525
Catalunya	Barcelona	Garriga (La)	41.68537	2.285918	254.3281
Catalunya	Barcelona	Gavà	41.30317	2.003213	17.60962
Catalunya	Barcelona	Gelida	41.44048	1.862745	179.6132
Catalunya	Barcelona	Gironella	42.03363	1.8825	448.126
Catalunya	Barcelona	Gisclareny	42.25015	1.786561	1322.767
Catalunya	Barcelona	Granada (La)	41.37685	1.719494	262.5426
Catalunya	Barcelona	Granera	41.72563	2.061581	770.4465
Catalunya	Barcelona	Granollers	41.60821	2.287789	153.9423
Catalunya	Barcelona	Gualba	41.73145	2.502726	179.8176
Catalunya	Barcelona	Guardiola de Berguedà	42.23344	1.879111	736.9873
Catalunya	Barcelona	Gurb	41.95394	2.235545	510.7029
Catalunya	Barcelona	Hospitalet de Llobregat (L')	41.35958	2.099704	15.67791
Catalunya	Barcelona	Hostalets de Pierola (Els)	41.53416	1.765952	369.2267
Catalunya	Barcelona	Igualada	41.57877	1.617193	324.2647
Catalunya	Barcelona	Jorba	41.60049	1.546195	392.2477
Catalunya	Barcelona	Llacuna (La)	41.39901	2.197244	2.997324
Catalunya	Barcelona	Llagosta (La)	41.51321	2.193246	54.71911
Catalunya	Barcelona	Lliçà d'Amunt	41.60865	2.239443	130.7585
Catalunya	Barcelona	Lliçà de Vall	41.59081	2.242733	116.4834
Catalunya	Barcelona	Llinars del Vallès	41.63935	2.404427	188.906
Catalunya	Barcelona	Lluçà	42.05048	2.035043	751.5039
Catalunya	Barcelona	Malgrat de Mar	41.64655	2.741634	9.097663
Catalunya	Barcelona	Malla	41.88734	2.235119	575.686
Catalunya	Barcelona	Manlleu	41.99995	2.284165	453.0776
Catalunya	Barcelona	Manresa	41.72517	1.823353	236.034
Catalunya	Barcelona	Marganell	41.64039	1.792257	313.6546
Catalunya	Barcelona	Martorell	41.47355	1.927682	66.23137
Catalunya	Barcelona	Martorelles	41.52577	2.242882	115.5095
Catalunya	Barcelona	Masies de Roda (Les)	41.98956	2.317853	469.4734
Catalunya	Barcelona	Masies de Voltregà (Les)	42.02114	2.234093	536.5225
Catalunya	Barcelona	Masnou (El)	41.47931	2.319244	10.36085
Catalunya	Barcelona	Masquefa	41.50307	1.811926	258.067
Catalunya	Barcelona	Matadepera	41.5967	2.026747	421.1513
Catalunya	Barcelona	Mataró	41.5375	2.445278	20.37009
Catalunya	Barcelona	Mediona	41.48333	1.616667	526.9124
Catalunya	Barcelona	Moià	41.81277	2.097428	730.1093
Catalunya	Barcelona	Molins de Rei	41.41392	2.015836	33.16643
Catalunya	Barcelona	Mollet del Vallès	41.54052	2.213529	74.09034
Catalunya	Barcelona	Monistrol de Calders	41.76059	2.014233	452.798
Catalunya	Barcelona	Monistrol de Montserrat	41.60986	1.843154	168.2423
Catalunya	Barcelona	Montcada i Reixac	41.48231	2.188504	37.0056
Catalunya	Barcelona	Montclar	42.01806	1.764081	699.5048
Catalunya	Barcelona	Montesquiu	42.11001	2.210174	575.4601
Catalunya	Barcelona	Montgat	41.46645	2.279088	22.97567
Catalunya	Barcelona	Montmajor	42.01777	1.735123	757.0117
Catalunya	Barcelona	Montmaneu	41.62574	1.414676	714.0361
Catalunya	Barcelona	Montmeló	41.55146	2.248465	84.53434
Catalunya	Barcelona	Montornès del Vallès	41.54255	2.263779	100.0693
Catalunya	Barcelona	Montseny	41.76001	2.394918	535.3168
Catalunya	Barcelona	Muntanyola	41.87836	2.177301	802.8712
Catalunya	Barcelona	Mura	41.69948	1.976545	470.6466
Catalunya	Barcelona	Navarcles	41.75158	1.903257	255.0479
Catalunya	Barcelona	Navàs	41.90007	1.879363	371.9668
Catalunya	Barcelona	Nou de Berguedà (La)	42.16599	1.884765	865.2148
Catalunya	Barcelona	Òdena	41.60673	1.640909	404.7818
Catalunya	Barcelona	Olèrdola	41.32195	1.723056	179.9567
Catalunya	Barcelona	Olesa de Bonesvalls	41.35301	1.849887	273.3946
Catalunya	Barcelona	Olesa de Montserrat	41.5434	1.888153	105.909
Catalunya	Barcelona	Olivella	41.31034	1.812279	207.4666
Catalunya	Barcelona	Olost	41.98582	2.095717	572.0165
Catalunya	Barcelona	Olvan	42.05732	1.905637	566.9895
Catalunya	Barcelona	Orís	42.06	2.240278	570.6917
Catalunya	Barcelona	Oristà	41.93243	2.060313	467.3857
Catalunya	Barcelona	Orpí	41.51867	1.575293	482.553
Catalunya	Barcelona	Òrrius	41.55499	2.355113	254.5491
Catalunya	Barcelona	Pacs del Penedès	41.36156	1.669417	210.873
Catalunya	Barcelona	Palafolls	41.66497	2.749768	10.6715
Catalunya	Barcelona	Palau-solità i Plegamans	41.58862	2.179233	137.2143
Catalunya	Barcelona	Pallejà	41.42372	1.996701	43.74018
Catalunya	Barcelona	Palma de Cervelló (La)	41.41331	1.967154	110.9084
Catalunya	Barcelona	Papiol (El)	41.43895	2.010686	129.2383
Catalunya	Barcelona	Parets del Vallès	41.57355	2.233794	97.48323
Catalunya	Barcelona	Perafita	42.0416	2.107158	753.5203
Catalunya	Barcelona	Piera	41.51797	1.743268	282.576
Catalunya	Barcelona	Pineda de Mar	41.62751	2.689454	12.10963
Catalunya	Barcelona	Pla del Penedès (El)	41.41798	1.71032	227.2813
Catalunya	Barcelona	Pobla de Claramunt (La)	41.55298	1.675936	272.2743
Catalunya	Barcelona	Pobla de Lillet (La)	42.24344	1.97473	854.4056
Catalunya	Barcelona	Polinyà	41.5575	2.156243	129.1282
Catalunya	Barcelona	Pont de Vilomara i Rocafort (El)	41.69987	1.870855	203.9381
Catalunya	Barcelona	Pontons	41.41599	1.5167	588.9841
Catalunya	Barcelona	Prat de Llobregat (El)	41.33047	2.093149	10.36917
Catalunya	Barcelona	Prats de Lluçanès	42.00874	2.028578	709.0973
Catalunya	Barcelona	Prats de Rei (Els)	41.7055	1.541531	614.0353
Catalunya	Barcelona	Premià de Dalt	41.50655	2.343058	133.3237
Catalunya	Barcelona	Premià de Mar	41.48958	2.356536	13.17984
Catalunya	Barcelona	Puig-reig	41.97446	1.878855	444.6947
Catalunya	Barcelona	Puigdàlber	41.40442	1.701116	239.9502
Catalunya	Barcelona	Pujalt	41.71723	1.422114	749.2104
Catalunya	Barcelona	Quar (La)	42.08085	1.96163	850.0149
Catalunya	Barcelona	Rajadell	41.72972	1.706263	343.1941
Catalunya	Barcelona	Rellinars	41.63747	1.910496	344.744
Catalunya	Barcelona	Ripollet	41.49736	2.155674	81.84142
Catalunya	Barcelona	Roca del Vallès (La)	41.59053	2.326258	131.0679
Catalunya	Barcelona	Roda de Ter	41.98597	2.311212	454.8112
Catalunya	Barcelona	Rubí	41.49233	2.031262	133.4794
Catalunya	Barcelona	Rubió	41.64328	1.569087	600.4712
Catalunya	Barcelona	Rupit i Pruit	42.02406	2.465066	843.8084
Catalunya	Barcelona	Sabadell	41.54862	2.107421	198.7852
Catalunya	Barcelona	Sagàs	42.05066	1.961669	712.4318
Catalunya	Barcelona	Saldes	42.22893	1.735597	1233.967
Catalunya	Barcelona	Sallent	41.8242	1.89493	279.7943
Catalunya	Barcelona	Sant Adrià de Besòs	41.4306	2.218239	18.77083
Catalunya	Barcelona	Sant Agustí de Lluçanès	42.08546	2.127825	831.834
Catalunya	Barcelona	Sant Andreu de la Barca	41.44718	1.975935	48.89596
Catalunya	Barcelona	Sant Andreu de Llavaneres	41.57237	2.482367	112.0381
Catalunya	Barcelona	Sant Antoni de Vilamajor	41.6737	2.400859	260.0836
Catalunya	Barcelona	Sant Bartomeu del Grau	41.98076	2.175598	877.1983
Catalunya	Barcelona	Sant Boi de Llobregat	41.34739	2.043103	22.73825
Catalunya	Barcelona	Sant Boi de Lluçanès	42.05888	2.151663	807
Catalunya	Barcelona	Sant Cebrià de Vallalta	41.61977	2.600307	77.32714
Catalunya	Barcelona	Sant Celoni	41.69019	2.49167	157.3233
Catalunya	Barcelona	Sant Climent de Llobregat	41.33731	1.99578	80.42606
Catalunya	Barcelona	Sant Cugat del Vallès	41.47186	2.082139	130.2749
Catalunya	Barcelona	Sant Cugat Sesgarrigues	41.36441	1.753613	269.0334
Catalunya	Barcelona	Sant Esteve de Palautordera	41.70347	2.435386	237.4874
Catalunya	Barcelona	Sant Esteve Sesrovires	41.49455	1.872799	178.7557
Catalunya	Barcelona	Sant Feliu de Codines	41.68893	2.164804	486.7332
Catalunya	Barcelona	Sant Feliu de Llobregat	41.38094	2.045171	31.72373
Catalunya	Barcelona	Sant Feliu Sasserra	41.94477	2.02247	617.3484
Catalunya	Barcelona	Sant Fost de Campsentelles	41.51452	2.234791	112.3262
Catalunya	Barcelona	Sant Fruitós de Bages	41.74952	1.872885	261.4637
Catalunya	Barcelona	Sant Hipòlit de Voltregà	42.01554	2.236254	531.1494
Catalunya	Barcelona	Sant Iscle de Vallalta	41.62377	2.569127	127
Catalunya	Barcelona	Sant Jaume de Frontanyà	42.18718	2.02394	1074.112
Catalunya	Barcelona	Sant Joan de Vilatorrada	41.74549	1.805543	228.8402
Catalunya	Barcelona	Sant Joan Despí	41.36769	2.056065	20.53358
Catalunya	Barcelona	Sant Julià de Cerdanyola	42.22306	1.891119	967.7538
Catalunya	Barcelona	Sant Julià de Vilatorta	41.92231	2.324351	599.2924
Catalunya	Barcelona	Sant Just Desvern	41.38576	2.075544	122.1042
Catalunya	Barcelona	Sant Llorenç d'Hortons	41.46485	1.824399	216.0685
Catalunya	Barcelona	Sant Llorenç Savall	41.67982	2.05931	487.5616
Catalunya	Barcelona	Sant Martí d'Albars	42.02824	2.073759	628.8278
Catalunya	Barcelona	Sant Martí de Centelles	41.76633	2.20482	724.98
Catalunya	Barcelona	Sant Martí de Tous	41.56214	1.522934	444.6292
Catalunya	Barcelona	Sant Martí Sarroca	41.38578	1.611423	296.2319
Catalunya	Barcelona	Sant Martí Sesgueioles	41.7021	1.48792	646.0749
Catalunya	Barcelona	Sant Mateu de Bages	41.79689	1.732737	572.9196
Catalunya	Barcelona	Sant Pere de Ribes	41.2591	1.775418	45.06723
Catalunya	Barcelona	Sant Pere de Riudebitlles	41.45347	1.701628	252.1739
Catalunya	Barcelona	Sant Pere de Torelló	42.07564	2.296003	621.7791
Catalunya	Barcelona	Sant Pere de Vilamajor	41.68499	2.390498	298.7486
Catalunya	Barcelona	Sant Pere Sallavinera	41.73657	1.573176	587.7723
Catalunya	Barcelona	Sant Pol de Mar	41.59945	2.615872	13.29345
Catalunya	Barcelona	Sant Quintí de Mediona	41.46383	1.666462	333.5246
Catalunya	Barcelona	Sant Quirze de Besora	42.10094	2.216611	572.5922
Catalunya	Barcelona	Sant Quirze del Vallès	41.5308	2.086581	165.9138
Catalunya	Barcelona	Sant Quirze Safaja	41.72732	2.153063	603.6134
Catalunya	Barcelona	Sant Sadurní d'Anoia	41.42535	1.785673	168.4416
Catalunya	Barcelona	Sant Sadurní d'Osormort	41.90321	2.381448	533.9646
Catalunya	Barcelona	Sant Salvador de Guardiola	41.6806	1.767125	328.5852
Catalunya	Barcelona	Sant Vicenç de Castellet	41.66581	1.863849	175.3337
Catalunya	Barcelona	Sant Vicenç de Montalt	41.58262	2.509926	177.863
Catalunya	Barcelona	Sant Vicenç de Torelló	42.06234	2.272757	558.8644
Catalunya	Barcelona	Sant Vicenç dels Horts	41.39362	2.00987	32.74398
Catalunya	Barcelona	Santa Cecília de Voltregà	41.99306	2.219902	522.2773
Catalunya	Barcelona	Santa Coloma de Cervelló	41.36684	2.015083	76.92886
Catalunya	Barcelona	Santa Coloma de Gramenet	41.45107	2.208978	37.66038
Catalunya	Barcelona	Santa Eugènia de Berga	41.9003	2.282697	536.6241
Catalunya	Barcelona	Santa Eulàlia de Riuprimer	41.9108	2.188852	575.5924
Catalunya	Barcelona	Santa Eulàlia de Ronçana	41.65306	2.226111	221.9401
Catalunya	Barcelona	Santa Fe del Penedès	41.38438	1.721198	239.9169
Catalunya	Barcelona	Santa Margarida de Montbui	41.55719	1.604131	388.9097
Catalunya	Barcelona	Santa Margarida i els Monjos	41.32087	1.662838	171.3222
Catalunya	Barcelona	Santa Maria d'Oló	41.87207	2.035291	515.0869
Catalunya	Barcelona	Santa Maria de Besora	42.12696	2.258088	871.7925
Catalunya	Barcelona	Santa Maria de Corcó	42.03559	2.368923	694.5067
Catalunya	Barcelona	Santa Maria de Martorelles	41.51955	2.25424	178.528
Catalunya	Barcelona	Santa Maria de Merlès	42.0011	1.977791	518.8036
Catalunya	Barcelona	Santa Maria de Miralles	41.51813	1.525129	553.0007
Catalunya	Barcelona	Santa Maria de Palautordera	41.6932	2.446227	211.9186
Catalunya	Barcelona	Santa Perpètua de Mogoda	41.53486	2.178988	81.15939
Catalunya	Barcelona	Santa Susanna	41.64069	2.716872	50.67278
Catalunya	Barcelona	Santpedor	41.78357	1.839129	324.6286
Catalunya	Barcelona	Sentmenat	41.61163	2.134932	229.8691
Catalunya	Barcelona	Seva	41.83733	2.281063	672.0496
Catalunya	Barcelona	Sitges	41.23478	1.811222	9.967733
Catalunya	Barcelona	Sobremunt	42.03461	2.168373	881.4683
Catalunya	Barcelona	Sora	42.11072	2.159851	695.3496
Catalunya	Barcelona	Subirats	41.38472	1.798056	274.2937
Catalunya	Barcelona	Súria	41.83179	1.750768	284.714
Catalunya	Barcelona	Tagamanent	41.73962	2.265759	348.8652
Catalunya	Barcelona	Talamanca	41.73544	1.977921	553.4589
Catalunya	Barcelona	Taradell	41.87363	2.287192	633.068
Catalunya	Barcelona	Tavèrnoles	41.95227	2.326051	529.109
Catalunya	Barcelona	Tavertet	41.99606	2.419322	868.5259
Catalunya	Barcelona	Teià	41.49969	2.320616	117.6808
Catalunya	Barcelona	Terrassa	41.56095	2.01044	285.6018
Catalunya	Barcelona	Tiana	41.48324	2.26898	124.7599
Catalunya	Barcelona	Tona	41.84785	2.227755	602.5104
Catalunya	Barcelona	Tordera	41.70206	2.71902	31.37682
Catalunya	Barcelona	Torelló	42.04824	2.26272	507.7611
Catalunya	Barcelona	Torre de Claramunt (La)	41.53589	1.661657	367.9993
Catalunya	Barcelona	Torrelavit	41.44635	1.729874	201.7227
Catalunya	Barcelona	Torrelles de Foix	41.3891	1.567663	380.5124
Catalunya	Barcelona	Torrelles de Llobregat	41.35389	1.97666	154.783
Catalunya	Barcelona	Ullastrell	41.52707	1.956931	314.4088
Catalunya	Barcelona	Vacarisses	41.60627	1.919159	406.7665
Catalunya	Barcelona	Vallbona d'Anoia	41.51962	1.708936	297.2954
Catalunya	Barcelona	Vallcebre	42.20394	1.818234	1127.919
Catalunya	Barcelona	Vallgorguina	41.64832	2.509912	223.2106
Catalunya	Barcelona	Vallirana	41.38872	1.932255	184.8448
Catalunya	Barcelona	Vallromanes	41.5318	2.298065	155.1461
Catalunya	Barcelona	Veciana	41.65651	1.487973	556.9959
Catalunya	Barcelona	Vic	41.93029	2.25435	505.4679
Catalunya	Barcelona	Vilada	42.13676	1.931635	724.7032
Catalunya	Barcelona	Viladecans	41.31601	2.020199	19.77518
Catalunya	Barcelona	Viladecavalls	41.55547	1.954526	265.7476
Catalunya	Barcelona	Vilafranca del Penedès	41.34509	1.699849	230.5926
Catalunya	Barcelona	Vilalba Sasserra	41.65272	2.441072	221.1936
Catalunya	Barcelona	Vilanova de Sau	41.94754	2.384898	557.92
Catalunya	Barcelona	Vilanova del Camí	41.57373	1.642982	313.7972
Catalunya	Barcelona	Vilanova del Vallès	41.55407	2.288895	92.16563
Catalunya	Barcelona	Vilanova i la Geltrú	41.22415	1.725568	25.03975
Catalunya	Barcelona	Vilassar de Dalt	41.51669	2.358552	133.6058
Catalunya	Barcelona	Vilassar de Mar	41.50181	2.390873	10.80674
Catalunya	Barcelona	Vilobí del Penedès	41.38835	1.662088	284.1465
Catalunya	Barcelona	Viver i Serrateix	41.94583	1.775928	724.3826
Catalunya	Girona	Agullana	42.39483	2.845378	170.1884
Catalunya	Girona	Aiguaviva	41.9372	2.760639	156.0045
Catalunya	Girona	Albanyà	42.30573	2.721622	240.982
Catalunya	Girona	Albons	42.10289	3.085481	11.20031
Catalunya	Girona	Alp	42.37436	1.887394	1140.202
Catalunya	Girona	Amer	42.0095	2.604287	187.6956
Catalunya	Girona	Anglès	41.95515	2.638278	163.2895
Catalunya	Girona	Arbúcies	41.81705	2.514368	294.5572
Catalunya	Girona	Argelaguer	42.21608	2.641481	189.7633
Catalunya	Girona	Armentera (L')	42.17123	3.074524	8.210299
Catalunya	Girona	Avinyonet de Puigventós	42.25051	2.913306	68.95233
Catalunya	Girona	Banyoles	42.11812	2.764747	180.4805
Catalunya	Girona	Bàscara	42.15715	2.910638	66.21327
Catalunya	Girona	Begur	41.95374	3.208136	206.9355
Catalunya	Girona	Bellcaire d'Empordà	42.07922	3.096079	16.70415
Catalunya	Girona	Besalú	42.20039	2.698663	153.8543
Catalunya	Girona	Bescanó	41.96624	2.739396	103.575
Catalunya	Girona	Beuda	42.23698	2.70972	330.3628
Catalunya	Girona	Bisbal d'Empordà (La)	41.96022	3.040184	41.58906
Catalunya	Girona	Biure	42.33665	2.896511	67.65877
Catalunya	Girona	Blanes	41.67427	2.792096	12.55464
Catalunya	Girona	Boadella i les Escaules	42.33139	2.856944	90.38374
Catalunya	Girona	Bolvir	42.41716	1.88031	1111.693
Catalunya	Girona	Bordils	42.04543	2.909822	39.80887
Catalunya	Girona	Borrassà	42.22197	2.926729	73.4845
Catalunya	Girona	Breda	41.74772	2.559948	165.5123
Catalunya	Girona	Brunyola	41.90414	2.684003	243.266
Catalunya	Girona	Cabanelles	42.23071	2.820443	186.2474
Catalunya	Girona	Cabanes	42.30885	2.976825	23.85813
Catalunya	Girona	Cadaqués	42.28896	3.278389	8.404613
Catalunya	Girona	Caldes de Malavella	41.83933	2.809666	99.86514
Catalunya	Girona	Calonge	41.86162	3.072578	23.04924
Catalunya	Girona	Camós	42.09686	2.76616	162.4646
Catalunya	Girona	Campdevànol	42.22223	2.167294	735.8078
Catalunya	Girona	Campelles	42.29569	2.140032	1312.842
Catalunya	Girona	Campllong	41.89647	2.83227	111.6642
Catalunya	Girona	Camprodon	42.31283	2.364999	949.9839
Catalunya	Girona	Canet d'Adri	42.03352	2.737174	225.7504
Catalunya	Girona	Cantallops	42.41977	2.924193	199.0593
Catalunya	Girona	Capmany	42.37195	2.922122	102.8205
Catalunya	Girona	Cassà de la Selva	41.88774	2.875085	157.0528
Catalunya	Girona	Castell-Platja d'Aro	41.818	3.067004	8.264905
Catalunya	Girona	Castellfollit de la Roca	42.21913	2.550077	299.2567
Catalunya	Girona	Castelló d'Empúries	42.25826	3.074442	19.59589
Catalunya	Girona	Cellera de Ter (La)	41.97058	2.620421	167.5866
Catalunya	Girona	Celrà	42.02462	2.878967	74.95261
Catalunya	Girona	Cervià de Ter	42.06618	2.910495	41.124
Catalunya	Girona	Cistella	42.26858	2.847189	131.848
Catalunya	Girona	Colera	42.40375	3.150613	15.71049
Catalunya	Girona	Colomers	42.08371	2.986014	27.86927
Catalunya	Girona	Corçà	41.98789	3.015762	43
Catalunya	Girona	Cornellà del Terri	42.08915	2.816139	97.63062
Catalunya	Girona	Crespià	42.18707	2.799921	134.7197
Catalunya	Girona	Cruïlles, Monells i Sant Sadurní de l'Heura	41.95469	2.991794	110.6651
Catalunya	Girona	Darnius	42.366	2.834749	195.8332
Catalunya	Girona	Das	42.36198	1.870623	1210.801
Catalunya	Girona	Escala (L')	42.12479	3.132396	19.85101
Catalunya	Girona	Espinelves	41.86764	2.417711	721.2335
Catalunya	Girona	Espolla	42.3897	3.001604	110.9502
Catalunya	Girona	Esponellà	42.17781	2.797031	124.58
Catalunya	Girona	Far d'Empordà (El)	42.25213	2.995302	34.56885
Catalunya	Girona	Figueres	42.2675	2.96084	44.94663
Catalunya	Girona	Flaçà	42.05033	2.954067	34.53658
Catalunya	Girona	Foixà	42.03908	2.997918	77.76812
Catalunya	Girona	Fontanals de Cerdanya	42.38765	1.919695	1296.071
Catalunya	Girona	Fontanilles	42.01059	3.108086	11.98482
Catalunya	Girona	Fontcoberta	42.14968	2.785791	224.6868
Catalunya	Girona	Forallac	41.95794	3.057389	50.96644
Catalunya	Girona	Fornells de la Selva	41.93181	2.812444	100.7511
Catalunya	Girona	Fortià	42.2448	3.03968	5.550827
Catalunya	Girona	Garrigàs	42.19351	2.954357	106.7004
Catalunya	Girona	Garrigoles	42.10737	3.029519	87.58198
Catalunya	Girona	Garriguella	42.3443	3.064629	60.73549
Catalunya	Girona	Ger	42.41008	1.845763	1124.158
Catalunya	Girona	Girona	41.9818	2.8237	69.02268
Catalunya	Girona	Gombrèn	42.24837	2.091462	913.7407
Catalunya	Girona	Gualta	42.02972	3.103458	10.82926
Catalunya	Girona	Guils de Cerdanya	42.44715	1.880802	1345.239
Catalunya	Girona	Hostalric	41.74648	2.635484	98.26152
Catalunya	Girona	Isòvol	42.3779	1.818577	1044.986
Catalunya	Girona	Jafre	42.07296	3.009616	26.08789
Catalunya	Girona	Jonquera (La)	42.41669	2.873235	112.039
Catalunya	Girona	Juià	42.01622	2.90608	103.731
Catalunya	Girona	Lladó	42.24793	2.814474	203.6406
Catalunya	Girona	Llagostera	41.82928	2.893911	137.2177
Catalunya	Girona	Llambilles	41.92158	2.85084	123.2293
Catalunya	Girona	Llanars	42.32041	2.34457	987.0015
Catalunya	Girona	Llançà	42.36518	3.161217	26.3534
Catalunya	Girona	Llers	42.29514	2.912382	164.3831
Catalunya	Girona	Llívia	42.46312	1.979733	1201.004
Catalunya	Girona	Lloret de Mar	41.69878	2.847584	14.34469
Catalunya	Girona	Llosses (Les)	42.15003	2.115517	906.8428
Catalunya	Girona	Maçanet de Cabrenys	42.38558	2.753674	348.9143
Catalunya	Girona	Maçanet de la Selva	41.77703	2.73262	98.14079
Catalunya	Girona	Madremanya	41.99014	2.955517	171.2928
Catalunya	Girona	Maià de Montcal	42.22144	2.744813	222.8625
Catalunya	Girona	Masarac	42.35133	2.9712	80.04425
Catalunya	Girona	Massanes	41.76458	2.654389	139.9525
Catalunya	Girona	Meranges	42.4456	1.787677	1552.41
Catalunya	Girona	Mieres	42.127	2.639244	275.4319
Catalunya	Girona	Mollet de Peralada	42.35981	2.999815	56.86679
Catalunya	Girona	Molló	42.34643	2.404507	1178.97
Catalunya	Girona	Mont-ras	41.90822	3.147037	56.59036
Catalunya	Girona	Montagut i Oix	42.23165	2.595453	278.7967
Catalunya	Girona	Navata	42.22344	2.861938	147.3417
Catalunya	Girona	Ogassa	42.26579	2.27784	955.7571
Catalunya	Girona	Olot	42.18211	2.488189	445.0352
Catalunya	Girona	Ordis	42.21809	2.906921	97.83067
Catalunya	Girona	Osor	41.94699	2.552534	350.0396
Catalunya	Girona	Palafrugell	41.91719	3.163817	68.42641
Catalunya	Girona	Palamós	41.84676	3.128636	14.00687
Catalunya	Girona	Palau-sator	41.98815	3.110336	19.59593
Catalunya	Girona	Palau-saverdera	42.30775	3.147585	94.26295
Catalunya	Girona	Palau de Santa Eulàlia	42.17365	2.965139	81.56111
Catalunya	Girona	Palol de Revardit	42.07125	2.803044	134.0089
Catalunya	Girona	Pals	41.97121	3.148876	19.10723
Catalunya	Girona	Pardines	42.31271	2.213113	1231.859
Catalunya	Girona	Parlavà	42.02188	3.031801	30.01262
Catalunya	Girona	Pau	42.3146	3.114368	27.27005
Catalunya	Girona	Pedret i Marzà	42.31049	3.068086	28.24896
Catalunya	Girona	Pera (La)	42.02124	2.972945	78.5508
Catalunya	Girona	Peralada	42.30796	3.010452	33.71151
Catalunya	Girona	Planes d'Hostoles (Les)	42.0569	2.54012	357.5643
Catalunya	Girona	Planoles	42.31609	2.102801	1138.85
Catalunya	Girona	Pont de Molins	42.31395	2.928986	46.54617
Catalunya	Girona	Pontós	42.18671	2.916559	90.42199
Catalunya	Girona	Porqueres	42.12186	2.748212	183.2214
Catalunya	Girona	Port de la Selva (El)	42.33659	3.203688	6.634849
Catalunya	Girona	Portbou	42.42653	3.15937	12.24183
Catalunya	Girona	Preses (Les)	42.14634	2.459791	466.8972
Catalunya	Girona	Puigcerdà	42.43135	1.927728	1184.155
Catalunya	Girona	Quart	41.93833	2.841294	98.03844
Catalunya	Girona	Queralbs	42.34953	2.16335	1212.268
Catalunya	Girona	Rabós	42.37956	3.026868	114.9361
Catalunya	Girona	Regencós	41.95247	3.171459	74.76754
Catalunya	Girona	Ribes de Freser	42.30637	2.169102	919.8904
Catalunya	Girona	Riells i Viabrea	41.72167	2.551667	96.39582
Catalunya	Girona	Ripoll	42.20079	2.190623	696.5365
Catalunya	Girona	Riudarenes	41.82198	2.716726	90
Catalunya	Girona	Riudaura	42.18871	2.407468	578.0961
Catalunya	Girona	Riudellots de la Selva	41.89329	2.804287	100.0308
Catalunya	Girona	Riumors	42.22624	3.041699	3.91416
Catalunya	Girona	Roses	42.26297	3.174805	6.046805
Catalunya	Girona	Rupià	42.01961	3.010659	63.82626
Catalunya	Girona	Sales de Llierca	42.2373	2.657499	266.1104
Catalunya	Girona	Salt	41.97416	2.792586	87.70262
Catalunya	Girona	Sant Andreu Salou	41.87304	2.825394	132.717
Catalunya	Girona	Sant Aniol de Finestres	42.09003	2.587522	403.899
Catalunya	Girona	Sant Climent Sescebes	42.36862	2.980664	83.43581
Catalunya	Girona	Sant Feliu de Buixalleu	41.79071	2.585428	400.1262
Catalunya	Girona	Sant Feliu de Guíxols	41.78058	3.030733	9.581546
Catalunya	Girona	Sant Feliu de Pallerols	42.07827	2.509799	467.6071
Catalunya	Girona	Sant Ferriol	42.20639	2.661678	195.0925
Catalunya	Girona	Sant Gregori	41.99061	2.759504	105.9555
Catalunya	Girona	Sant Hilari Sacalm	41.87896	2.510884	798.2343
Catalunya	Girona	Sant Jaume de Llierca	42.21374	2.60637	212.891
Catalunya	Girona	Sant Joan de les Abadesses	42.23343	2.285532	778.5472
Catalunya	Girona	Sant Joan de Mollet	42.04591	2.941206	47.70493
Catalunya	Girona	Sant Joan les Fonts	42.2124	2.511678	340.3424
Catalunya	Girona	Sant Jordi Desvalls	42.07058	2.954044	52.30774
Catalunya	Girona	Sant Julià de Ramis	42.02824	2.853541	174.7159
Catalunya	Girona	Sant Julià del Llor i Bonmatí	41.97028	2.664303	156.8956
Catalunya	Girona	Sant Llorenç de la Muga	42.3212	2.789514	170.0117
Catalunya	Girona	Sant Martí de Llémena	42.03672	2.647339	249.9684
Catalunya	Girona	Sant Martí Vell	42.02089	2.930743	72.49802
Catalunya	Girona	Sant Miquel de Campmajor	42.13596	2.678047	225.4033
Catalunya	Girona	Sant Miquel de Fluvià	42.17376	2.990721	30.44114
Catalunya	Girona	Sant Mori	42.15652	2.988415	39.63519
Catalunya	Girona	Sant Pau de Segúries	42.26163	2.365932	860.9708
Catalunya	Girona	Sant Pere Pescador	42.18796	3.082352	7.999541
Catalunya	Girona	Santa Coloma de Farners	41.86081	2.667772	140.2747
Catalunya	Girona	Santa Cristina d'Aro	41.81566	3.002927	54.80076
Catalunya	Girona	Santa Llogaia d'Àlguema	42.23439	2.951906	42.30609
Catalunya	Girona	Santa Pau	42.14638	2.569324	496.2841
Catalunya	Girona	Sarrià de Ter	42.01446	2.824395	59.73502
Catalunya	Girona	Saus, Camallera i Llampaies	42.1226	2.961904	94.31184
Catalunya	Girona	Selva de Mar (La)	42.32463	3.18767	53.85229
Catalunya	Girona	Serinyà	42.17041	2.744267	188.9648
Catalunya	Girona	Serra de Daró	42.02737	3.071503	12.04134
Catalunya	Girona	Setcases	42.37371	2.300704	1265.82
Catalunya	Girona	Sils	41.80917	2.743466	78.97491
Catalunya	Girona	Siurana	42.20935	2.994269	30.35726
Catalunya	Girona	Susqueda	41.98333	2.516667	337.0181
Catalunya	Girona	Tallada d'Empordà (La)	42.08002	3.056773	14.32662
Catalunya	Girona	Terrades	42.31036	2.839645	227.8623
Catalunya	Girona	Torrent	41.95246	3.12839	39.58279
Catalunya	Girona	Torroella de Fluvià	42.17557	3.039541	9.374322
Catalunya	Girona	Torroella de Montgrí	42.04318	3.126361	31.4563
Catalunya	Girona	Tortellà	42.2337	2.630278	278.4685
Catalunya	Girona	Toses	42.32076	2.014152	1426.833
Catalunya	Girona	Tossa de Mar	41.72018	2.932097	11.30567
Catalunya	Girona	Ullà	42.05178	3.109733	24.18182
Catalunya	Girona	Ullastret	42.00087	3.069931	42.31542
Catalunya	Girona	Ultramort	42.03798	3.035424	21.90849
Catalunya	Girona	Urús	42.35039	1.852658	1269.748
Catalunya	Girona	Vajol (La)	42.4044	2.799725	540.9069
Catalunya	Girona	Vall-llobrega	41.88371	3.121365	61.32427
Catalunya	Girona	Vall d'en Bas (La)	42.11835	2.457001	487.257
Catalunya	Girona	Vall de Bianya (La)	42.22944	2.44	387.5479
Catalunya	Girona	Vallfogona de Ripollès	42.19638	2.303339	948.5323
Catalunya	Girona	Ventalló	42.14958	3.026305	29.75963
Catalunya	Girona	Verges	42.06281	3.045836	18.31838
Catalunya	Girona	Vidrà	42.12211	2.309278	984.6575
Catalunya	Girona	Vidreres	41.79027	2.780014	95.18577
Catalunya	Girona	Vila-sacra	42.26465	3.016558	13.35783
Catalunya	Girona	Vilabertran	42.28422	2.981709	20
Catalunya	Girona	Vilablareix	41.95639	2.773002	115.8257
Catalunya	Girona	Viladamat	42.13231	3.075485	7.623611
Catalunya	Girona	Viladasens	42.0955	2.92941	90.55965
Catalunya	Girona	Vilademuls	42.13896	2.888571	121.4595
Catalunya	Girona	Viladrau	41.84894	2.391026	826.043
Catalunya	Girona	Vilafant	42.24642	2.937533	54.1561
Catalunya	Girona	Vilajuïga	42.32461	3.090527	27.58708
Catalunya	Girona	Vilallonga de Ter	42.33075	2.310959	1063.586
Catalunya	Girona	Vilamacolum	42.19594	3.056405	6
Catalunya	Girona	Vilamalla	42.21698	2.970136	45.89511
Catalunya	Girona	Vilamaniscle	42.37445	3.067037	148.8217
Catalunya	Girona	Vilanant	42.25455	2.889783	100.9817
Catalunya	Girona	Vilaür	42.1434	2.95544	67.55302
Catalunya	Girona	Vilobí d'Onyar	41.88752	2.739902	121.8775
Catalunya	Girona	Vilopriu	42.10396	2.993008	71.60316
Catalunya	Lleida	Abella de la Conca	42.16106	1.089764	952.1764
Catalunya	Lleida	Àger	42.00282	0.7643949	607.9741
Catalunya	Lleida	Agramunt	41.78611	1.098811	338.7131
Catalunya	Lleida	Aitona	41.49576	0.4597391	114.3093
Catalunya	Lleida	Alamús (Els)	41.6161	0.7375647	207.9185
Catalunya	Lleida	Alàs i Cerc	42.35157	1.505077	745.4337
Catalunya	Lleida	Albagés (L')	41.4481	0.7388024	370.0416
Catalunya	Lleida	Albatàrrec	41.57299	0.6057172	151.8978
Catalunya	Lleida	Albesa	41.75198	0.6582234	238.3108
Catalunya	Lleida	Albi (L')	41.42517	0.9378923	534.4882
Catalunya	Lleida	Alcanó	41.48085	0.6179771	216.0127
Catalunya	Lleida	Alcarràs	41.56614	0.530272	136.5219
Catalunya	Lleida	Alcoletge	41.64909	0.6945253	213.2258
Catalunya	Lleida	Alfarràs	41.83093	0.5681205	298.5017
Catalunya	Lleida	Alfés	41.52213	0.61902	233.033
Catalunya	Lleida	Algerri	41.81448	0.6366221	347.6021
Catalunya	Lleida	Alguaire	41.73795	0.5897447	282.0707
Catalunya	Lleida	Alins	42.54928	1.317485	1056.239
Catalunya	Lleida	Almacelles	41.73101	0.4377279	249.5397
Catalunya	Lleida	Almatret	41.30526	0.4244163	468.0571
Catalunya	Lleida	Almenar	41.79552	0.5701049	300.9621
Catalunya	Lleida	Alòs de Balaguer	41.91187	0.9600118	298.3662
Catalunya	Lleida	Alpicat	41.66711	0.5552974	264.9039
Catalunya	Lleida	Alt Àneu	42.63529	1.107489	1091.135
Catalunya	Lleida	Anglesola	41.65731	1.086762	342
Catalunya	Lleida	Arbeca	41.54045	0.9184976	306.752
Catalunya	Lleida	Arres	42.75694	0.7122222	1300.125
Catalunya	Lleida	Arsèguel	42.34995	1.584271	985.8667
Catalunya	Lleida	Artesa de Lleida	41.55321	0.7055162	201.7782
Catalunya	Lleida	Artesa de Segre	41.89501	1.047474	332.3418
Catalunya	Lleida	Aspa	41.49573	0.6723415	256.8022
Catalunya	Lleida	Avellanes i Santa Linya (Les)	41.90782	0.766037	571.9478
Catalunya	Lleida	Baix Pallars	42.32555	1.065556	606.2668
Catalunya	Lleida	Balaguer	41.7897	0.805238	227.2513
Catalunya	Lleida	Barbens	41.67765	1.014993	284.5768
Catalunya	Lleida	Baronia de Rialb (La)	41.97425	1.178759	598.8065
Catalunya	Lleida	Bassella	42.01102	1.288306	413.0881
Catalunya	Lleida	Bausen	42.83448	0.7167327	904.0203
Catalunya	Lleida	Belianes	41.55912	1.016285	375.9277
Catalunya	Lleida	Bell-lloc d'Urgell	41.6294	0.7808905	199.3234
Catalunya	Lleida	Bellaguarda	41.33698	0.7346494	630.9696
Catalunya	Lleida	Bellcaire d'Urgell	41.75747	0.9065079	264.6959
Catalunya	Lleida	Bellmunt d'Urgell	41.77271	0.9525583	347.8303
Catalunya	Lleida	Bellpuig	41.62607	1.009216	293.6344
Catalunya	Lleida	Bellver de Cerdanya	42.37015	1.778271	1033.611
Catalunya	Lleida	Bellvís	41.67349	0.8210204	209
Catalunya	Lleida	Benavent de Segrià	41.69626	0.633923	234.1884
Catalunya	Lleida	Biosca	41.83946	1.356162	433.4449
Catalunya	Lleida	Bòrdes (Es)	42.73772	0.7190797	843.9403
Catalunya	Lleida	Borges Blanques (Les)	41.52052	0.8692022	305.5594
Catalunya	Lleida	Bossòst	42.78545	0.6924253	712.4904
Catalunya	Lleida	Bovera	41.32816	0.6388591	302.8737
Catalunya	Lleida	Cabanabona	41.85149	1.217437	427.6726
Catalunya	Lleida	Cabó	42.23819	1.2496	722.8973
Catalunya	Lleida	Camarasa	41.87198	0.8746512	259.0302
Catalunya	Lleida	Canejan	42.83821	0.7382667	824.3683
Catalunya	Lleida	Castell de Mur	42.10546	0.8560766	867.5153
Catalunya	Lleida	Castellar de la Ribera	42.02211	1.415993	645.1425
Catalunya	Lleida	Castelldans	41.49791	0.7652315	354.4236
Catalunya	Lleida	Castellnou de Seana	41.64469	0.9675318	275.9631
Catalunya	Lleida	Castelló de Farfanya	41.81645	0.7320892	322.9813
Catalunya	Lleida	Castellserà	41.74613	0.9867843	269.1279
Catalunya	Lleida	Cava	42.32498	1.605365	1260.723
Catalunya	Lleida	Cervera	41.66832	1.275151	514.1133
Catalunya	Lleida	Cervià de les Garrigues	41.4265	0.860136	455.9915
Catalunya	Lleida	Ciutadilla	41.56145	1.137139	490.5793
Catalunya	Lleida	Clariana de Cardener	41.93346	1.623909	505.0493
Catalunya	Lleida	Cogul (El)	41.46797	0.6894156	281.9914
Catalunya	Lleida	Coll de Nargó	42.17325	1.31651	562.6977
Catalunya	Lleida	Coma i la Pedra (La)	42.17559	1.591064	961.528
Catalunya	Lleida	Conca de Dalt	42.24611	0.9730556	502.1039
Catalunya	Lleida	Corbins	41.69099	0.6974681	195.6501
Catalunya	Lleida	Cubells	41.85313	0.9575363	470.9419
Catalunya	Lleida	Espluga Calba (L')	41.49628	1.004931	430.8572
Catalunya	Lleida	Espot	42.57584	1.088914	1329.839
Catalunya	Lleida	Estamariu	42.374	1.524045	1044.079
Catalunya	Lleida	Estaràs	41.6913	1.377792	592.5443
Catalunya	Lleida	Esterri d'Àneu	42.62886	1.123358	958.5542
Catalunya	Lleida	Esterri de Cardós	42.59241	1.262214	1192.209
Catalunya	Lleida	Farrera	42.49732	1.271296	1347.608
Catalunya	Lleida	Fígols i Alinyà	42.20316	1.340002	638.1115
Catalunya	Lleida	Floresta (La)	41.50921	0.9198578	326.3009
Catalunya	Lleida	Fondarella	41.63536	0.8755022	239.177
Catalunya	Lleida	Foradada	41.87683	1.014578	433.8825
Catalunya	Lleida	Fuliola (La)	41.71503	1.017128	273.3843
Catalunya	Lleida	Fulleda	41.46349	1.024983	580.2524
Catalunya	Lleida	Gavet de la Conca	42.12273	0.9211597	419.0891
Catalunya	Lleida	Gimenells i el Pla de la Font	41.65241	0.3896494	258.7494
Catalunya	Lleida	Golmés	41.63127	0.9324688	270.857
Catalunya	Lleida	Gósol	42.237	1.660325	1425.53
Catalunya	Lleida	Granadella (La)	41.35672	0.6658524	519.9661
Catalunya	Lleida	Granja d'Escarp (La)	41.41861	0.3525815	86.5028
Catalunya	Lleida	Granyanella	41.64772	1.223529	507.9074
Catalunya	Lleida	Granyena de les Garrigues	41.4337	0.6491443	357.5183
Catalunya	Lleida	Granyena de Segarra	41.62245	1.245615	585.0941
Catalunya	Lleida	Guimerà	41.56411	1.184428	512.8314
Catalunya	Lleida	Guingueta d'Àneu (La)	42.59317	1.131205	950.3268
Catalunya	Lleida	Guissona	41.7867	1.290763	494.9318
Catalunya	Lleida	Guixers	42.13188	1.633646	877.1038
Catalunya	Lleida	Isona i Conca Dellà	42.11969	1.046651	659.2741
Catalunya	Lleida	Ivars d'Urgell	41.68353	0.9885827	265.9485
Catalunya	Lleida	Ivars de Noguera	41.8505	0.5869282	326.9235
Catalunya	Lleida	Ivorra	41.77162	1.394549	553.0552
Catalunya	Lleida	Josa i Tuixén	42.23088	1.566849	1182.531
Catalunya	Lleida	Juncosa	41.37148	0.7753397	572.8483
Catalunya	Lleida	Juneda	41.54811	0.8254097	266.91
Catalunya	Lleida	Les	42.81004	0.710633	638.8151
Catalunya	Lleida	Linyola	41.71127	0.9027762	249.5356
Catalunya	Lleida	Lladorre	42.62151	1.249069	1071.652
Catalunya	Lleida	Lladurs	42.04396	1.509306	820
Catalunya	Lleida	Llardecans	41.37489	0.5513021	397.0908
Catalunya	Lleida	Llavorsí	42.4955	1.212028	796.6211
Catalunya	Lleida	Lleida	41.61415	0.6257825	166.4499
Catalunya	Lleida	Lles de Cerdanya	42.39004	1.687812	1467.283
Catalunya	Lleida	Llimiana	42.0766	0.9161858	753.4308
Catalunya	Lleida	Llobera	41.95104	1.472779	846.8084
Catalunya	Lleida	Maials	41.3639	0.5082115	374.7433
Catalunya	Lleida	Maldà	41.55087	1.039801	418.2859
Catalunya	Lleida	Massalcoreig	41.45969	0.3593504	94.94318
Catalunya	Lleida	Massoteres	41.79785	1.311524	503.74
Catalunya	Lleida	Menàrguens	41.72808	0.742645	208.0313
Catalunya	Lleida	Miralcamp	41.60421	0.8817882	267.9695
Catalunya	Lleida	Mollerussa	41.63004	0.8941285	255.1743
Catalunya	Lleida	Molsosa (La)	41.78234	1.538781	641.0245
Catalunya	Lleida	Montellà i Martinet	42.3597	1.695621	960.6633
Catalunya	Lleida	Montferrer i Castellbò	42.34172	1.427727	718.1434
Catalunya	Lleida	Montgai	41.799	0.9574335	285.5883
Catalunya	Lleida	Montoliu de Lleida	41.56234	0.5875061	148.1022
Catalunya	Lleida	Montoliu de Segarra	41.59043	1.271035	683.5535
Catalunya	Lleida	Montornès de Segarra	41.60056	1.2322	586.9286
Catalunya	Lleida	Nalec	41.56065	1.116193	468.2451
Catalunya	Lleida	Naut Aran	42.70889	0.9030556	1273.032
Catalunya	Lleida	Navès	41.99071	1.640491	602.2256
Catalunya	Lleida	Odèn	42.13264	1.454693	1283.885
Catalunya	Lleida	Oliana	42.06369	1.312823	456.1855
Catalunya	Lleida	Oliola	41.87523	1.175909	415.9434
Catalunya	Lleida	Olius	42.00957	1.565473	555.1147
Catalunya	Lleida	Oluges (Les)	41.69628	1.321196	520.3976
Catalunya	Lleida	Omellons (Els)	41.50187	0.9630012	383.1201
Catalunya	Lleida	Omells de na Gaia (Els)	41.50086	1.075646	559.9135
Catalunya	Lleida	Organyà	42.2114	1.328864	551.4544
Catalunya	Lleida	Os de Balaguer	41.87282	0.7197718	462.0808
Catalunya	Lleida	Ossó de Sió	41.75426	1.15933	387.8812
Catalunya	Lleida	Palau d'Anglesola (El)	41.65163	0.880874	239.3142
Catalunya	Lleida	Penelles	41.75783	0.9648493	283.3288
Catalunya	Lleida	Peramola	42.05858	1.267335	565.0052
Catalunya	Lleida	Pinell de Solsonès	41.97115	1.399819	632.7087
Catalunya	Lleida	Pinós	41.82774	1.542548	798.8068
Catalunya	Lleida	Plans de Sió (Els)	41.72459	1.205951	412.8737
Catalunya	Lleida	Poal (El)	41.67816	0.8516847	213.3557
Catalunya	Lleida	Pobla de Cérvoles (La)	41.36738	0.9170161	675.3557
Catalunya	Lleida	Pobla de Segur (La)	42.24765	0.9675135	513.2694
Catalunya	Lleida	Pont de Bar (El)	42.37196	1.606315	867.9058
Catalunya	Lleida	Pont de Suert (El)	42.40848	0.741766	829.2844
Catalunya	Lleida	Ponts	41.91546	1.184873	365.3082
Catalunya	Lleida	Portella (La)	41.73891	0.6422635	255.1998
Catalunya	Lleida	Prats i Sansor	42.36442	1.835709	1104.549
Catalunya	Lleida	Preixana	41.6073	1.036491	310.7234
Catalunya	Lleida	Preixens	41.79344	1.048713	310.299
Catalunya	Lleida	Prullans	42.37906	1.739284	1148.77
Catalunya	Lleida	Puiggròs	41.55127	0.8889367	316.5753
Catalunya	Lleida	Puigverd d'Agramunt	41.7764	1.121681	347.943
Catalunya	Lleida	Puigverd de Lleida	41.54462	0.7346072	211.46
Catalunya	Lleida	Rialp	42.44348	1.135177	716.666
Catalunya	Lleida	Ribera d'Ondara	41.62944	1.343056	557.7328
Catalunya	Lleida	Ribera d'Urgellet	42.32667	1.397222	647.853
Catalunya	Lleida	Riner	41.91756	1.572177	698.1688
Catalunya	Lleida	Riu de Cerdanya	42.34556	1.826253	1174.395
Catalunya	Lleida	Rosselló	41.69844	0.5957855	257
Catalunya	Lleida	Salàs de Pallars	42.21158	0.9324489	544.2087
Catalunya	Lleida	Sanaüja	41.87391	1.309358	405.1787
Catalunya	Lleida	Sant Esteve de la Sarga	42.08051	0.7636091	906.1107
Catalunya	Lleida	Sant Guim de Freixenet	41.65536	1.419204	742.983
Catalunya	Lleida	Sant Guim de la Plana	41.76278	1.323612	554.3297
Catalunya	Lleida	Sant Llorenç de Morunys	42.13683	1.590986	931.3393
Catalunya	Lleida	Sant Martí de Riucorb	41.56167	1.056111	407.3113
Catalunya	Lleida	Sant Ramon	41.7262	1.368338	660.8257
Catalunya	Lleida	Sarroca de Bellera	42.35971	0.8811588	958.9928
Catalunya	Lleida	Sarroca de Lleida	41.45986	0.5611271	194.3455
Catalunya	Lleida	Senterada	42.3243	0.93659	735.4564
Catalunya	Lleida	Sentiu de Sió (La)	41.8053	0.8781835	253.8751
Catalunya	Lleida	Seròs	41.46283	0.4108175	105.2147
Catalunya	Lleida	Seu d'Urgell (La)	42.3567	1.459659	687.3732
Catalunya	Lleida	Sidamon	41.62838	0.8336361	230.7424
Catalunya	Lleida	Soleràs (El)	41.41253	0.684953	389.3676
Catalunya	Lleida	Solsona	41.99363	1.517701	679.2817
Catalunya	Lleida	Soriguera	42.37069	1.181662	1182.144
Catalunya	Lleida	Sort	42.41024	1.128763	690.4686
Catalunya	Lleida	Soses	41.53379	0.4879092	124.5909
Catalunya	Lleida	Sudanell	41.55616	0.566377	156.6789
Catalunya	Lleida	Sunyer	41.52368	0.5907821	213.2605
Catalunya	Lleida	Talarn	42.18497	0.8992487	543.7527
Catalunya	Lleida	Talavera	41.58171	1.339084	757.597
Catalunya	Lleida	Tàrrega	41.64686	1.139215	382.5588
Catalunya	Lleida	Tarrés	41.42297	1.021945	585.189
Catalunya	Lleida	Tarroja de Segarra	41.73173	1.276916	467.2543
Catalunya	Lleida	Térmens	41.71759	0.7651012	208.6154
Catalunya	Lleida	Tírvia	42.51525	1.244619	1019.093
Catalunya	Lleida	Tiurana	41.96695	1.241125	395.5405
Catalunya	Lleida	Torà	41.81223	1.400911	436.7267
Catalunya	Lleida	Torms (Els)	41.39453	0.7221607	465.9422
Catalunya	Lleida	Tornabous	41.70152	1.052611	294.4711
Catalunya	Lleida	Torre-serona	41.6713	0.6292645	194.7614
Catalunya	Lleida	Torre de Cabdella (La)	42.46779	0.9919084	1300
Catalunya	Lleida	Torrebesses	41.42481	0.5939408	262.0064
Catalunya	Lleida	Torrefarrera	41.67339	0.6067967	218.273
Catalunya	Lleida	Torrefeta i Florejacs	41.75432	1.274761	473.3801
Catalunya	Lleida	Torregrossa	41.58115	0.8252335	238.2074
Catalunya	Lleida	Torrelameu	41.70456	0.7047597	202.6676
Catalunya	Lleida	Torres de Segre	41.53406	0.5141932	125.5436
Catalunya	Lleida	Tremp	42.16858	0.8949026	470.7209
Catalunya	Lleida	Vall de Boí (La)	42.5047	0.8036	1100
Catalunya	Lleida	Vall de Cardós	42.58396	1.236541	938.0867
Catalunya	Lleida	Vallbona de les Monges	41.52556	1.089478	494.5486
Catalunya	Lleida	Vallfogona de Balaguer	41.75269	0.813878	232.8295
Catalunya	Lleida	Valls d'Aguilar (Les)	42.29583	1.343056	643.6229
Catalunya	Lleida	Valls de Valira (Les)	42.38445	1.459444	756.8403
Catalunya	Lleida	Vansa i Fórnols (La)	42.2448	1.4992	1115.894
Catalunya	Lleida	Verdú	41.61034	1.14266	437.169
Catalunya	Lleida	Vielha e Mijaran	42.70165	0.7956383	990.1799
Catalunya	Lleida	Vila-sana	41.6636	0.9286443	249.5091
Catalunya	Lleida	Vilagrassa	41.64711	1.103577	355.2005
Catalunya	Lleida	Vilaller	42.47651	0.7174102	980.9213
Catalunya	Lleida	Vilamòs	42.74807	0.725197	1260.609
Catalunya	Lleida	Vilanova de Bellpuig	41.61481	0.9596246	293.5143
Catalunya	Lleida	Vilanova de l'Aguda	41.91066	1.251806	398.3846
Catalunya	Lleida	Vilanova de la Barca	41.68935	0.7291372	197.9396
Catalunya	Lleida	Vilanova de Meià	41.99429	1.022077	608.9849
Catalunya	Lleida	Vilanova de Segrià	41.71128	0.620144	255.3218
Catalunya	Lleida	Vilosell (El)	41.38305	0.9466231	655.3639
Catalunya	Lleida	Vinaixa	41.42886	0.9736408	483.3008
Catalunya	Tarragona	Aiguamúrcia	41.33018	1.359454	275.8484
Catalunya	Tarragona	Albinyana	41.24545	1.489753	164.6246
Catalunya	Tarragona	Albiol (L')	41.25182	1.08958	820.2056
Catalunya	Tarragona	Alcanar	40.54484	0.4811905	76.73789
Catalunya	Tarragona	Alcover	41.26239	1.170159	243.6683
Catalunya	Tarragona	Aldea (L')	40.7418	0.6119037	10.09355
Catalunya	Tarragona	Aldover	40.87973	0.4995357	22.51767
Catalunya	Tarragona	Aleixar (L')	41.20151	1.044667	265.6363
Catalunya	Tarragona	Alfara de Carles	40.87387	0.3998365	330.2164
Catalunya	Tarragona	Alforja	41.21133	0.9762403	377.2571
Catalunya	Tarragona	Alió	41.29352	1.305401	260.8962
Catalunya	Tarragona	Almoster	41.19719	1.112455	279.3624
Catalunya	Tarragona	Altafulla	41.14274	1.373146	40.74033
Catalunya	Tarragona	Ametlla de Mar (L')	40.88507	0.8033742	22.80147
Catalunya	Tarragona	Ampolla (L')	40.81324	0.7095863	7.180099
Catalunya	Tarragona	Amposta	40.71231	0.579972	13.08101
Catalunya	Tarragona	Arboç (L')	41.26535	1.603523	159.0804
Catalunya	Tarragona	Arbolí	41.24252	0.9490852	722.0569
Catalunya	Tarragona	Argentera (L')	41.13794	0.909145	343.2802
Catalunya	Tarragona	Arnes	40.91098	0.260313	502.1081
Catalunya	Tarragona	Ascó	41.18372	0.5671799	47.97315
Catalunya	Tarragona	Banyeres del Penedès	41.27967	1.583377	161.0753
Catalunya	Tarragona	Barberà de la Conca	41.41309	1.228101	445.4714
Catalunya	Tarragona	Batea	41.09412	0.3120051	366.6695
Catalunya	Tarragona	Bellmunt del Priorat	41.16308	0.7666381	265.5596
Catalunya	Tarragona	Bellvei	41.23992	1.577277	103.1995
Catalunya	Tarragona	Benifallet	40.97462	0.5170919	20.97804
Catalunya	Tarragona	Benissanet	41.05704	0.6343785	30.95802
Catalunya	Tarragona	Bisbal de Falset (La)	41.27927	0.7221786	350.8352
Catalunya	Tarragona	Bisbal del Penedès (La)	41.2802	1.488896	186.8171
Catalunya	Tarragona	Blancafort	41.43792	1.159119	428.1689
Catalunya	Tarragona	Bonastre	41.22233	1.440436	178.1962
Catalunya	Tarragona	Borges del Camp (Les)	41.17207	1.020467	244.0695
Catalunya	Tarragona	Bot	41.00909	0.3821412	289.0362
Catalunya	Tarragona	Botarell	41.13564	0.9896871	191.7195
Catalunya	Tarragona	Bràfim	41.26877	1.341229	241.3834
Catalunya	Tarragona	Cabacés	41.24528	0.731154	321.5059
Catalunya	Tarragona	Cabra del Camp	41.39497	1.275942	496.1121
Catalunya	Tarragona	Calafell	41.20056	1.568441	49.04614
Catalunya	Tarragona	Camarles	40.77134	0.672512	8.301858
Catalunya	Tarragona	Cambrils	41.06705	1.056419	8.722612
Catalunya	Tarragona	Capafonts	41.29588	1.027576	744.4973
Catalunya	Tarragona	Capçanes	41.10155	0.780364	216.5009
Catalunya	Tarragona	Caseres	41.04062	0.251333	325.9239
Catalunya	Tarragona	Castellvell del Camp	41.17999	1.098705	211.4699
Catalunya	Tarragona	Catllar (El)	41.17456	1.324055	74.44913
Catalunya	Tarragona	Colldejou	41.09893	0.8881252	418.8255
Catalunya	Tarragona	Conesa	41.5202	1.292709	703.0317
Catalunya	Tarragona	Constantí	41.15104	1.216675	71.37662
Catalunya	Tarragona	Corbera d'Ebre	41.07764	0.4780503	298.1901
Catalunya	Tarragona	Cornudella de Montsant	41.26506	0.905523	538.842
Catalunya	Tarragona	Creixell	41.16623	1.440536	37.14136
Catalunya	Tarragona	Cunit	41.19884	1.636739	13.48558
Catalunya	Tarragona	Deltebre	40.71944	0.7083474	3
Catalunya	Tarragona	Duesaigües	41.14473	0.9291461	257.8097
Catalunya	Tarragona	Espluga de Francolí (L')	41.39481	1.09851	427.1004
Catalunya	Tarragona	Falset	41.14634	0.8212665	372
Catalunya	Tarragona	Fatarella (La)	41.16158	0.4733999	506.5272
Catalunya	Tarragona	Febró (La)	41.27712	1.005036	740.9882
Catalunya	Tarragona	Figuera (La)	41.21593	0.730089	557.129
Catalunya	Tarragona	Figuerola del Camp	41.37102	1.264096	494.4908
Catalunya	Tarragona	Flix	41.22744	0.5446956	89.04555
Catalunya	Tarragona	Forès	41.49337	1.24125	812.8558
Catalunya	Tarragona	Freginals	40.66994	0.5207712	112.4258
Catalunya	Tarragona	Galera (La)	40.68102	0.4626295	115
Catalunya	Tarragona	Gandesa	41.05214	0.438685	377.5729
Catalunya	Tarragona	Garcia	41.13665	0.6501854	45.94114
Catalunya	Tarragona	Garidells (Els)	41.20749	1.247485	126.6692
Catalunya	Tarragona	Ginestar	41.0421	0.6326027	28.55884
Catalunya	Tarragona	Godall	40.65544	0.4687304	174.054
Catalunya	Tarragona	Gratallops	41.19287	0.7754412	315.0264
Catalunya	Tarragona	Guiamets (Els)	41.10201	0.7521071	223.7729
Catalunya	Tarragona	Horta de Sant Joan	40.95599	0.3153664	524.2277
Catalunya	Tarragona	Lloar (El)	41.18651	0.7503626	217.868
Catalunya	Tarragona	Llorac	41.55709	1.307496	644.8692
Catalunya	Tarragona	Llorenç del Penedès	41.2842	1.550656	164.474
Catalunya	Tarragona	Marçà	41.12682	0.8007984	318.0693
Catalunya	Tarragona	Margalef	41.28432	0.7545403	377.8307
Catalunya	Tarragona	Mas de Barberans	40.73476	0.3733965	360.4406
Catalunya	Tarragona	Masdenverge	40.71414	0.5311569	47.8704
Catalunya	Tarragona	Masllorenç	41.26853	1.414284	308.2999
Catalunya	Tarragona	Masó (La)	41.23302	1.221387	113.9378
Catalunya	Tarragona	Maspujols	41.1828	1.046599	203.1914
Catalunya	Tarragona	Masroig (El)	41.12458	0.7344264	191.0335
Catalunya	Tarragona	Milà (El)	41.24904	1.20525	167.8536
Catalunya	Tarragona	Miravet	41.04	0.5978457	31.31219
Catalunya	Tarragona	Molar (El)	41.16348	0.7060272	221.6313
Catalunya	Tarragona	Mont-ral	41.28686	1.09714	856.2275
Catalunya	Tarragona	Mont-roig del Camp	41.08556	0.9616579	99.48418
Catalunya	Tarragona	Montblanc	41.37685	1.16147	352.0974
Catalunya	Tarragona	Montbrió del Camp	41.12193	1.005617	136.6262
Catalunya	Tarragona	Montferri	41.26528	1.366763	232.4649
Catalunya	Tarragona	Montmell (El)	41.3175	1.454167	433.5698
Catalunya	Tarragona	Móra d'Ebre	41.08859	0.6391603	51.02542
Catalunya	Tarragona	Móra la Nova	41.10094	0.6511012	39.38612
Catalunya	Tarragona	Morell (El)	41.19229	1.206884	100.157
Catalunya	Tarragona	Morera de Montsant (La)	41.26596	0.840601	753.5471
Catalunya	Tarragona	Nou de Gaià (La)	41.18229	1.374479	79.46999
Catalunya	Tarragona	Nulles	41.25058	1.295914	226.6075
Catalunya	Tarragona	Pallaresos (Els)	41.17577	1.272141	125.749
Catalunya	Tarragona	Palma d'Ebre (La)	41.28425	0.6655047	338.6448
Catalunya	Tarragona	Passanant i Belltall	41.53164	1.19708	715.6676
Catalunya	Tarragona	Paüls	40.92212	0.4018317	306.6884
Catalunya	Tarragona	Perafort	41.19201	1.256016	124.8244
Catalunya	Tarragona	Perelló (El)	40.87543	0.7124032	151.6562
Catalunya	Tarragona	Piles (Les)	41.50424	1.342964	676.3849
Catalunya	Tarragona	Pinell de Brai (El)	41.01736	0.5155108	176.9608
Catalunya	Tarragona	Pira	41.42395	1.202158	395.6909
Catalunya	Tarragona	Pla de Santa Maria (El)	41.36256	1.293029	381.2327
Catalunya	Tarragona	Pobla de Mafumet (La)	41.18802	1.209718	100.1319
Catalunya	Tarragona	Pobla de Massaluca (La)	41.18102	0.3540713	359.1324
Catalunya	Tarragona	Pobla de Montornès (La)	41.17878	1.414619	68.08212
Catalunya	Tarragona	Poboleda	41.23496	0.8457368	363.0493
Catalunya	Tarragona	Pont d'Armentera (El)	41.38407	1.362615	351.7152
Catalunya	Tarragona	Pontils	41.47724	1.388271	549.0671
Catalunya	Tarragona	Porrera	41.18792	0.8540307	309.0124
Catalunya	Tarragona	Pradell de la Teixeta	41.15693	0.8759075	470.191
Catalunya	Tarragona	Prades	41.30876	0.9884451	949.0946
Catalunya	Tarragona	Prat de Comte	40.98298	0.4056279	347.2015
Catalunya	Tarragona	Pratdip	41.05189	0.8716488	235.3322
Catalunya	Tarragona	Puigpelat	41.27788	1.297163	253.6263
Catalunya	Tarragona	Querol	41.42447	1.397865	530.1125
Catalunya	Tarragona	Rasquera	41.00267	0.6005385	175.2991
Catalunya	Tarragona	Renau	41.22449	1.311648	170.6811
Catalunya	Tarragona	Reus	41.15482	1.108676	127.8296
Catalunya	Tarragona	Riba-roja d'Ebre	41.25058	0.4876638	88.89165
Catalunya	Tarragona	Riba (La)	41.31844	1.180412	232.3366
Catalunya	Tarragona	Riera de Gaià (La)	41.16825	1.360071	41
Catalunya	Tarragona	Riudecanyes	41.13054	0.9625295	187.1033
Catalunya	Tarragona	Riudecols	41.16768	0.9759995	296.2064
Catalunya	Tarragona	Riudoms	41.13861	1.055814	113.1621
Catalunya	Tarragona	Rocafort de Queralt	41.47715	1.282401	564.9393
Catalunya	Tarragona	Roda de Barà	41.18538	1.456687	58.72192
Catalunya	Tarragona	Rodonyà	41.28185	1.399639	319.4084
Catalunya	Tarragona	Roquetes	40.82109	0.5021107	16.51928
Catalunya	Tarragona	Rourell (El)	41.22294	1.217422	114.257
Catalunya	Tarragona	Salomó	41.2304	1.376109	168.8046
Catalunya	Tarragona	Salou	41.07677	1.144041	5.432057
Catalunya	Tarragona	Sant Carles de la Ràpita	40.6202	0.5928925	12.03284
Catalunya	Tarragona	Sant Jaume d'Enveja	40.70399	0.7173735	3
Catalunya	Tarragona	Sant Jaume dels Domenys	41.29934	1.559053	212.2896
Catalunya	Tarragona	Santa Bàrbara	40.71442	0.4922784	86.20828
Catalunya	Tarragona	Santa Coloma de Queralt	41.53089	1.38148	687.3315
Catalunya	Tarragona	Santa Oliva	41.25252	1.549377	97.12163
Catalunya	Tarragona	Sarral	41.4454	1.246136	468.9105
Catalunya	Tarragona	Savallà del Comtat	41.54304	1.300293	815.1319
Catalunya	Tarragona	Secuita (La)	41.20413	1.280623	167.3639
Catalunya	Tarragona	Selva del Camp (La)	41.21413	1.139606	232.8907
Catalunya	Tarragona	Senan	41.46994	1.085451	628.7389
Catalunya	Tarragona	Sénia (La)	40.63339	0.2853313	365.2491
Catalunya	Tarragona	Solivella	41.45582	1.178582	492.9866
Catalunya	Tarragona	Tarragona	41.11866	1.24533	26.26264
Catalunya	Tarragona	Tivenys	40.9074	0.5112524	15.66767
Catalunya	Tarragona	Tivissa	41.03957	0.7331267	317.5723
Catalunya	Tarragona	Torre de Fontaubella (La)	41.12517	0.8647319	377.168
Catalunya	Tarragona	Torre de l'Espanyol (La)	41.1925	0.6271237	155.5197
Catalunya	Tarragona	Torredembarra	41.14452	1.3971	20.92576
Catalunya	Tarragona	Torroja del Priorat	41.21317	0.8101557	337.0303
Catalunya	Tarragona	Tortosa	40.811	0.5209974	15.76711
Catalunya	Tarragona	Ulldecona	40.59736	0.4428432	143.1908
Catalunya	Tarragona	Ulldemolins	41.32272	0.8768876	644.6638
Catalunya	Tarragona	Vallclara	41.37737	0.9820189	626.184
Catalunya	Tarragona	Vallfogona de Riucorb	41.56279	1.237323	579.2309
Catalunya	Tarragona	Vallmoll	41.24361	1.249287	165.112
Catalunya	Tarragona	Valls	41.28728	1.251579	226.6943
Catalunya	Tarragona	Vandellòs i l'Hospitalet de l'Infant	41.02011	0.8329072	270.6138
Catalunya	Tarragona	Vendrell (El)	41.22042	1.534845	55.17534
Catalunya	Tarragona	Vespella de Gaià	41.20543	1.359429	176.4136
Catalunya	Tarragona	Vila-rodona	41.30967	1.35811	257.237
Catalunya	Tarragona	Vila-seca	41.11095	1.145001	46.76463
Catalunya	Tarragona	Vilabella	41.24824	1.331625	256.6517
Catalunya	Tarragona	Vilalba dels Arcs	41.12055	0.4081464	454.0479
Catalunya	Tarragona	Vilallonga del Camp	41.209	1.20726	116.4445
Catalunya	Tarragona	Vilanova d'Escornalbou	41.11419	0.9367994	234.1977
Catalunya	Tarragona	Vilanova de Prades	41.34784	0.9562585	889.7278
Catalunya	Tarragona	Vilaplana	41.22898	1.032873	367.4236
Catalunya	Tarragona	Vilaverd	41.3362	1.176077	269.632
Catalunya	Tarragona	Vilella Alta (La)	41.22573	0.7804764	326.739
Catalunya	Tarragona	Vilella Baixa (La)	41.22088	0.7627931	207.4648
Catalunya	Tarragona	Vimbodí i Poblet	41.4008	1.048851	479.068
Catalunya	Tarragona	Vinebre	41.18375	0.5898409	44.57071
Catalunya	Tarragona	Vinyols i els Arcs	41.11338	1.039709	94.72616
Catalunya	Tarragona	Xerta	40.90643	0.4906173	15.96906
Catalunya	Barcelona	CAP Casc Antic	41.39037	2.18054	15.96906
Catalunya	Barcelona	CAP Drassanes	41.37677	2.17311	15.96906
Catalunya	Barcelona	CAP El Carmel	41.42084	2.15507	15.96906
Catalunya	Barcelona	CAP Horta	41.42909	2.15742	15.96906
Catalunya	Barcelona	CAP Les Indianes	41.49347	2.18919	15.96906
Catalunya	Barcelona	CAP Manso	41.37645	2.15978	15.96906
Catalunya	Barcelona	CAP Montcada i Reixac	41.48166	2.18809	15.96906
Catalunya	Barcelona	CAP Numància	41.38186	2.14045	15.96906
Catalunya	Barcelona	Hospital Universitari Arnau de Vilanova	41.62669	0.61335	15.96906
Catalunya	Barcelona	Hospital Universitari de Bellvitge	41.34476	2.10423	15.96906
Catalunya	Barcelona	Hospital Universitari de la Vall d'Hebron	41.42774	2.14239	15.96906
Catalunya	Barcelona	Hospital Universitari Doctor Josep Trueta	41.99756	2.81993	15.96906
Catalunya	Barcelona	Hospital Universitari Germans Trias i Pujol	41.48122	2.23750	15.96906
Catalunya	Barcelona	Hospital Universitari Joan XXIII de Tarragona	41.12421	1.23848	15.96906
Catalunya	Barcelona	Hospital Universitari Sant Joan de Reus	41.14503	1.12304	15.96906
Catalunya	Barcelona	Parc Sanitari Pere Virgili	41.41580	2.14163	15.96906
Catalunya	Barcelona	Parc Taulí Hospital Universitari	41.55726	2.11028	15.96906